,id_y,id_x
0,69687967-146f-40b7-9dc9-851995c3f4ac,Derrick Henry
1,f015ede6-d975-495c-ac72-4e01ec70fee8,Najee Harris
2,1fe3abfa-791d-4477-800e-d08243134ce7,Aaron Jones
3,032962ab-fc10-45ea-92c4-24f0ae80de63,Javonte Williams
4,70580da9-7858-462f-a1fd-4ff47a7b1172,Cooper Kupp
5,fa2fcc47-5a09-458e-82b6-656b030ad88a,Jonathan Taylor
6,ff866ea0-6a39-4843-8a53-523c7b6e16e3,Travis Kelce
7,03f17ad2-f686-42e3-bc73-343f72f24d01,A.J. Brown
8,ca6b7b2f-cdba-40cd-86ec-851629b8890b,Stefon Diggs
9,56644f6b-3c3b-41e0-9e97-e8a9ec3c84be,Devonta Smith
10,a02e9e01-0185-4a4b-a692-cdd006d9ddf0,Josh Allen
11,72e44052-5065-4bd4-a2db-c3f9949ec20e,Lamar Jackson
12,07be9979-34f6-41ca-a078-54e1ec22699e,Deshaun Watson
13,775a2782-c1e2-40f7-983c-2cf0e7863edb,Josh Jacobs
14,2933617f-a121-459c-9714-35bd8345303a,Kyler Murray
15,cd07ea39-bbc8-40f5-a61e-d16963f518a3,Justin Herbert
16,eddbec45-5a29-4976-af96-176858468bcb,D'Andre Swift
17,f40693b0-68e6-4360-b90c-b55bc425147b,Dalvin Cook
18,aa962038-90f9-43d6-9b87-b49999168b25,Michael Pittman
19,117bf732-d2a0-4094-b84b-5bb028010eb0,Patrick Mahomes
20,74bdf837-4480-49f7-b623-8420b98cd303,D.J. Moore
21,f9a916a9-1045-4fca-a4d4-fd9ed9b65b09,Hunter Renfrow
22,afce47e8-89bb-48d5-bc3a-5fc67a0ce50b,Davante Adams
23,63335fc3-4ab9-4ebe-8a5c-dee868f45036,Diontae Johnson
24,2cd9ecbb-3f8a-4dda-b918-10163b9bf749,Mark Andrews
25,0424f7b7-948a-4e64-a462-1915a53c51e6,Alvin Kamara
26,62154a84-9ad4-41f8-b3f3-23801013ebc8,Justin Jefferson
27,8d9ff2b9-d63f-4645-84c8-e5e05413b93e,Nick Chubb
28,fffb17af-f368-4b09-8aa4-e119998f6e01,Aaron Rodgers
29,a1309c81-c3c7-41bd-a8fc-4482a1bed951,Antonio Gibson
30,6022e5bc-a85c-471a-b78b-a66066f24ce4,Ja'Marr Chase
31,72a1b950-f005-419c-b67f-08d7f7f5df27,Joe Mixon
32,4a165d4b-b5f1-4d10-863f-4df84cd90fd2,James Conner
33,6a60f97f-e16f-44dd-bcc1-da885f8ae2b0,Marquise Brown
34,aa6f212c-a39b-441d-b9ed-4c4f76a9e718,Tee Higgins
35,f76e9085-98bd-4a81-ab2c-aaf7310d9a6d,Tyreek Hill
36,6d236cf4-3026-4dad-aa5e-e2ed3a3dcad2,Tyler Lockett
37,5c9f516c-4bf7-40b2-b9e1-50675a5b8988,Jaylen Waddle
38,78b2ca61-7ec2-43fc-8456-607b0cb95a89,D.K. Metcalf
39,59109372-112c-4226-8a1e-bdb13389e7d8,Jalen Hurts
40,8be0f709-c335-4e99-aca6-a2a6e9eae205,Leonard Fournette
41,fce90658-25d8-4bc2-aec4-242a8784e910,CeeDee Lamb
42,e7711ec6-eee2-4df3-bf09-58166bcfba99,Terry McLaurin
43,464cf22b-8a6e-486c-bd56-ba38b76a7d1c,Chris Godwin
44,d014ebbf-3fb8-4c05-8526-8c1de9009261,Ezekiel Elliott
45,96100e46-cf7b-4e90-9254-59245d37fe31,Russell Wilson
46,fb9af657-c47a-4d72-8146-20b8bd6e5f49,Mike Evans
47,1a6e0e13-cfeb-46f6-a9e8-c7483f2b7bb3,Joe Burrow
48,9196bc1d-374f-4701-8e8a-1646e4e2e65a,Amari Cooper
49,319fcf5c-6a5f-4598-93da-1f287ce6ba54,Keenan Allen
50,36f843c7-40b3-43bd-84b8-14274e0d4e98,Dak Prescott
51,40f907c8-711d-4f93-93f7-e268d966fe42,Austin Ekeler
52,7fde70e8-ab8e-4064-99fb-3ddd88e5dc9f,Deebo Samuel
53,799e8f24-9514-4aa6-8bb7-dcbcd3a385b7,Tyler Boyd
54,a629f60e-bb1c-4252-a852-9317c61ce37d,Dalton Schultz
55,0e88b6cc-b68a-4329-a6f9-6964990e29d7,Christian Kirk
56,7d1b182a-93f7-4acb-bfff-576d71ab6d68,Elijah Mitchell
57,bb069a8d-1733-4d33-ace3-cd092f079426,Kenneth Walker
58,bb069a8d-1733-4d33-ace3-cd092f079426,Kenneth Walker
59,91372bfe-bbe8-4435-90ed-bbc90c4461b9,Mike Williams
60,3dcb0cec-9e44-4ba6-bdff-cb5826c2c320,David Montgomery
61,5fc9caf6-8317-481e-b469-4d0b4c9cd44f,Darnell Mooney
62,0778e723-5dab-40b0-b9f9-8f686fd457e6,Kirk Cousins
63,3089ad59-9356-4ca8-850f-578c7baa11e8,Devin Singletary
64,387a5dea-dcca-4417-a460-1f990a8fb66b,Dallas Goedert
65,8e2a56bb-c4f3-4949-84a9-74d6fd7ed845,Michael Thomas
66,c8286c88-b565-46d8-9afc-c20f6df77c06,Breece Hall
67,0dfe35fd-33f6-446a-8370-9d93910ab150,Michael Carter
68,82cf78e8-a308-4394-8788-e4dea7f10430,Travis Etienne
69,63586d56-48eb-4c0a-898a-964775420023,Elijah Moore
70,7d152585-7ea8-41e6-87fb-8f149f3a18fa,Damien Harris
71,1c31065d-af90-48ce-98cd-e687329cc7a0,Jameson Williams
72,fde04e99-8c3e-46e1-8540-2e1d83e5dce3,Kyle Pitts
73,8dda67e5-1af0-4b27-ac58-b02ca41d87bf,Tom Brady
74,1cfe4063-9e32-4be7-8619-6b492a501d08,Sony Michel
75,a209bb00-40a4-435b-b879-9235bc122823,Pat Freiermuth
76,715fd9c0-eb4b-494a-ac9f-d5c53579db72,Christian McCaffrey
77,0cc30377-88da-4b7a-bdc5-7b72e2fc0f00,Chase Claypool
78,9b2b05ca-01b4-4dca-aae3-c3805ff4d55d,J.K. Dobbins
79,8512cb8c-8a41-452e-9c09-2b7881473c51,Noah Fant
80,8275d1d3-9c8c-433a-9734-914fe3df4c7f,Miles Sanders
81,ee69ff40-840c-41a5-a0d4-df9e34c0e554,Mitchell Trubisky
82,5e7117ed-0900-4ad1-ac49-c81b9e0d270e,Laviska Shenault
83,3554433b-dccc-453c-97ca-a0122d410db6,Brandon Aiyuk
84,b771553e-96bf-40f8-8ef6-1d54a9d973c9,James Cook
85,e160003b-5fe7-4f18-8001-d6f0cb046be1,Darrel Williams
86,3dc764fc-d118-4e7e-a9bd-28fd2eae95c1,Amon-Ra St. Brown
87,e8337714-ca74-40e8-ba6e-e224b065519e,George Kittle
88,c40c5898-0a51-4e21-9ad5-069ace88998f,T.J. Hockenson
89,73caefce-7dbd-4e74-957b-ba83a3e3e7f5,Skyy Moore
90,187c2005-ea96-4d79-8f0c-74ff330c6722,Ryan Tannehill
91,608395a4-1901-4b80-86d7-996014553c1a,Matt Ryan
92,c8eced77-b09d-4d8f-9205-29c2f4a25368,Brandin Cooks
93,001c348c-bec8-46d6-82fd-917522ca6d6b,John Metchie
94,f72d3197-cf49-470d-bcfc-20ad464e10e3,A.J. Dillon
95,b3169143-5c20-4fae-a04a-b508a63c9495,Tony Pollard
96,1e284465-7739-47d0-be69-93e709456858,Mike Gesicki
97,b37c69fc-cb99-4749-9177-9d20bb347acc,Mecole Hardman
98,8e3c7545-106d-45b2-8069-f975193390c3,Clyde Edwards-Helaire
99,6de13661-21c7-4797-bcff-28fec8acca98,Russell Gage
100,9dff7e14-719a-417f-a067-a35510cbef92,Saquon Barkley
101,44786cc3-94ea-4c7c-a6fb-069510ed54bb,Josh Palmer
102,caf3a993-fa92-4f0c-8163-c5076693b070,Chuba Hubbard
103,7860408b-cdf1-4109-9833-4f52d7fab416,James Robinson
104,38127ce3-7fff-4271-83f2-f4e21cdc33b9,Calvin Ridley
105,642b08da-ea00-48a0-a742-962920fa4466,Garrett Wilson
106,b33b1cbb-3d2c-466e-b423-400a3d62b37e,Chris Olave
107,6498000e-b8d2-49e6-b327-ebec7ad816e7,Hunter Henry
108,56bda0f4-4bc7-40c8-9979-fcda5d31dba4,DeAndre Hopkins
109,434f74e0-5ac4-4439-84bd-83a7c43162b6,Corey Davis
110,a40bc6ed-7dd6-4490-af01-98e87ae7a372,Zack Moss
111,365a5b14-a2f3-45eb-8f91-4c989f2bb039,Trey Lance
112,6f6e85b9-4054-4207-b838-f52732cf8bd6,Robert Woods
113,d1889c23-c9ab-497c-b269-afab9aee3fb2,Derek Carr
114,84bd4702-cdd6-4049-a61d-c8058d8ed2e9,Courtland Sutton
115,0a366caa-62a9-488b-9253-0bbc9770023e,Tyquan Thornton
116,797500e2-d6bc-45d3-9f1d-2fada115afe0,Van Jefferson
117,7fce62b6-df57-4a75-8790-70b5254d60e2,Wan'Dale Robinson
118,ad304b49-90e0-4ae5-b4eb-3d2e1f02c0d2,Tua Tagovailoa
119,ea9d9c68-4ddf-4501-b4f5-e6f8be4034b9,George Pickens
120,85f439db-fe5d-4900-a0ee-30c02a452e9f,Cole Kmet
121,4980eaec-3ec0-4041-8221-0e56bde98bda,Ronald Jones
122,06ab07a8-68c7-4a0e-99cb-ed6723591584,Dawson Knox
123,4685a80c-a123-4a30-83bf-3bb44a502e9f,Drake London
124,0f81acce-4934-4dca-844b-d85bbbc2e430,Chase Edmonds
125,e34e7b64-cbfe-4ac4-af38-9cd65ef6a4e5,Rondale Moore
126,6cdd154e-0d4a-478f-a51b-37ace50eadb3,Julius Chestnut
127,094c894e-d839-43ea-bb3a-3db3a9bad8a9,Cordarrelle Patterson
128,d7c817ad-4ca5-47c5-a458-65f1d441e3fd,Austin Hooper
129,d0bc7edc-bddc-4107-9d8b-e23acffbcd35,Christian Watson
130,cb618523-b22c-40d6-825c-a0ced8339239,Tyrion Davis-Price
131,8a3572ad-6dd9-41a8-b10a-9e3a08c51a0a,Alec Pierce
132,73262cfc-d608-41ec-9e7c-d943b005ed6d,K.J. Osborn
133,4fa812b0-6025-4be1-8d18-c7ffd4e809db,Treylon Burks
134,99520aa3-7f8b-4f6d-b9ee-20e5d93a293a,Jerry Jeudy
135,e9eddef5-97d8-4bb1-82a6-ee01fad8eb2a,Jahan Dotson
136,2e5f5210-fe46-43d8-96be-59ee217dcef7,Kendrick Bourne
137,d59b3350-b448-4295-b4cf-dfa6924b7c65,Kareem Hunt
138,c526e0f8-989f-42fd-8371-6f8d0ef019c2,Evan Engram
139,8a859a75-4198-4e3a-854b-784dce6b5c12,Rashaad Penny
140,7c1ae2b9-d7d0-403a-8e4d-11491efe3c71,Melvin Gordon
141,441a06ff-6630-4ca0-b034-1c9549538ea0,Terrace Marshall
142,2ea3b599-18c1-4dda-a833-1f23c73cf5c2,Jamaal Williams
143,8d03fa8e-237f-400f-9ac0-af377d8a25d2,Kenyan Drake
144,4e5411e9-68dc-400f-beeb-968e8a7e3cf2,Alexander Mattison
145,ced268be-84de-4700-9ba4-40645752b278,Myles Gaskin
146,457cee57-e888-423f-9149-93c48c357a4a,Michael Gallup
147,3aaf419b-21c4-46ee-a11e-9a489b673b79,Matthew Stafford
148,a85826fc-9b78-466c-8f60-cdb615c1c709,Trey Sermon
149,154cdf35-e606-46c6-9fb8-840265bacc03,James Washington
150,b642a6fb-b8d2-4ee3-8456-39a2c64d2364,D'Onta Foreman
151,46aab98a-7d30-4ba0-8576-7902eb89b2d5,Tyler Conklin
152,f65d1b9b-c5b5-436a-923f-cdb0a0357d9c,Zay Jones
153,c170afa4-4767-405c-b005-4498480e7066,Darren Waller
154,2b6c0a54-bab3-4b69-b2f9-2dc2a9e30982,Rachaad White
155,5e26c57d-42dd-406f-b53d-91095594e37a,Brian Robinson
156,01fd583b-8443-4655-a727-6a5b28e7621a,Bryan Edwards
157,f6bddcbd-f697-4bde-a65a-d2b6eb83797b,Marquez Callaway
158,5b4b97b6-1e40-45ce-880d-6c6324cd5e78,JuJu Smith-Schuster
159,198686d1-f9ea-4594-9be0-7fdc6a724d85,Geno Smith
160,e86c1ded-aef1-41f4-bbfe-c3a04d4b47c4,Tyler Higbee
161,80427c89-ba52-4081-9cbf-a11aa025ee74,Dyami Brown
162,982ba4ec-f6d4-4fff-8f66-054ef4715196,Duke Johnson
163,1dcdafa9-9c27-4326-8c2b-055534c924b3,Allen Lazard
164,6d985cdb-03f3-4365-ae50-dbd6a121540f,Carson Wentz
165,035c99ef-ed2a-4fcd-aa6f-e752f4565695,Jakobi Meyers
166,d8598cac-2435-455d-8228-69596f8815f3,Sam Darnold
167,d330fe75-a322-48a6-8405-b6ea91bfa1f4,Rashod Bateman
168,37006fee-0ca2-4b77-a6e8-8a9de3e2cec1,Sterling Shepard
169,bd47b6e7-f8ff-4fb5-b866-b6294742f31a,David Johnson
170,271a93c2-3775-4e4d-bff3-f22cbe7d4e93,Trey McBride
171,41f9b2df-6fc9-45b3-bb57-c1eb83181332,Jalen Reagor
172,55701da9-c8f9-4686-bc96-916da04ad7af,DeVante Parker
173,d2b0f785-a66a-4a9e-a4a7-981c410ff57f,Rhamondre Stevenson
174,1d6861cd-be8b-410c-a955-ffb5b4b761a6,D.J. Chark
175,b136d3c5-a1ab-440d-9278-854f6a88e660,Sammy Watkins
176,762e67cf-43b5-4e89-8bd6-b3574422a611,D'Wayne Eskridge
177,63011cb0-777f-4a47-bf03-417d579b6b0d,Devontae Booker
178,57b58b3c-832f-4981-9461-b521b67c836e,Nelson Agholor
179,b7fb9920-b031-4007-b4f9-15d6413527d1,Darrell Henderson
180,231dc1e5-aad9-4b0c-8c34-04b5e023c086,Julio Jones
181,52eebf9e-e588-43b8-a27f-765ff03fa77c,Ty Montgomery
182,e3b379c9-ba35-46db-915e-3d0962932112,T.J. Yeldon
183,02d5920d-8bfe-443c-9fdd-3478be323b5e,Curtis Samuel
184,84fdc0c2-e34b-4ef6-88cb-0f29ab1dae18,Nyheim Hines
185,ddc64115-e017-41e7-bcf4-ea95fc8f8839,Ameer Abdullah
186,53e0b811-7f47-40e9-8b6b-91311efd69b7,Allen Robinson
187,16c8ca1c-ab73-40fa-942a-0181ecebc784,David Njoku
188,45afa77f-8510-4aa0-b15c-b705a7dec949,Ke'Shawn Vaughn
189,24ad78d6-6cfe-440b-9714-2bd77f38e41c,Boston Scott
190,e6d2bbaa-71d1-4f1b-9745-e92d457aba7d,Jonnu Smith
191,a942eb67-718c-4ad9-8b5e-99ff60a94253,Giovani Bernard
192,c3e07cd0-8268-43d4-a914-68975578f1d9,Jordan Howard
193,aad61bd2-f7dc-4181-8b48-c46ad9495cfc,Jarvis Landry
194,9479a38d-5400-43b0-9b1d-ce6fa16289a4,Gabriel Davis
195,a33f2873-a6df-4bac-bd35-c59902688e07,Chris Conley
196,6d53f0cf-d4cf-4fe5-b5f9-60585dfcb126,Tutu Atwell
197,e92ccca1-9fbe-43e0-8164-055ac68c01e7,Anthony Miller
198,7ca7eb81-2631-408f-a905-24004613adfe,Keelan Cole
199,5ca0bd63-c97e-45be-a337-c15cbb68e288,Royce Freeman
200,01a03308-8295-4b53-8624-21a8f07c111b,Jalen Tolbert
201,d85685e0-9769-4366-b73d-a4242d96e7de,Kenneth Gainwell
202,f31ed47b-9c24-4ac1-89c5-000c862c02f6,Jeremy Ruckert
203,dfa21407-6029-4f82-b27f-b50e0f55e236,Greg Dulcich
204,9cbe9c5d-4723-4049-80db-0c2b9712b1e9,Marcus Mariota
205,67646aeb-2ee8-4bcd-8e56-0f92372905ea,Robby Anderson
206,1281353d-7730-4e35-911a-9ffe172f55f9,Kenny Golladay
207,1378a6fa-8e15-4230-9b17-570c81a00241,Kadarius Toney
208,745849d8-8f74-4924-9f0a-e0d730e8f692,Jamison Crowder
209,ebad1e04-5c11-421b-a057-2c5c8347d1d0,Kalif Raymond
210,20f0ca69-b8ef-41a9-8744-552c8bf7d6b1,Adam Thielen
211,9585f114-7c13-4990-af67-5eae1b3b007b,Mike Davis
212,9585f114-7c13-4990-af67-5eae1b3b007b,Mike Davis
213,9585f114-7c13-4990-af67-5eae1b3b007b,Mike Davis
214,9585f114-7c13-4990-af67-5eae1b3b007b,Mike Davis
215,9585f114-7c13-4990-af67-5eae1b3b007b,Mike Davis
216,9585f114-7c13-4990-af67-5eae1b3b007b,Mike Davis
217,9585f114-7c13-4990-af67-5eae1b3b007b,Mike Davis
218,9585f114-7c13-4990-af67-5eae1b3b007b,Mike Davis
219,eb9c0f0f-660e-4b82-8766-8265ec9a43a0,Chris Carson
220,84f2bad0-f760-4ff4-be20-de3e64a699c2,Tavon Austin
221,2a0c82c0-cd74-49fd-87b4-edbd77bd005f,Marvin Jones
222,7ec8bba7-c8a5-484d-af71-1275fc75b3d1,Blaine Gabbert
223,a235e57b-7692-49a7-a4b2-231d2f4e6f83,Gerald Everett
224,1b058ba1-3362-41df-860d-69737b0898f2,Justin Fields
225,d09d3d1c-7471-4e45-9e54-b6acc10a50cd,Jared Goff
226,7a9e3b71-706a-470e-a4c7-ddd9bb10ce2c,Velus Jones
227,ffb0e66a-044f-4c27-a454-a48dff2fad16,Tyler Kroft
228,5bf93ebd-868f-4de5-b7fd-116ecd2206cd,Anthony Schwartz
229,04ab5f2d-0acf-428f-b102-ad2aa63e01be,Wayne Gallman
230,7c92a9cf-01f4-465e-b9c4-e35e986d9590,Kerryon Johnson
231,f06df8c6-023c-4823-ac71-71d0de8789ce,Jared Cook
232,a83a0984-1fbc-4a37-8c3b-58adde4bfb6e,Kenny Pickett
233,a99992b4-6531-447b-a7c0-e48cf0920232,Zach Wilson
234,54628215-aa83-4769-8da7-84de7e48e589,Dante Pettis
235,2b207d78-ac4c-457b-b1d9-ae0c29d37b5a,Benny Snell
236,7591b569-eda9-4cc4-bbac-474e23318e6d,Auden Tate
237,b572b476-e027-48ac-866b-c8f0f667d603,Devin Funchess
238,77b662e5-6110-4bb5-9176-4c377982aebe,Robert Tonyan
239,58cb204f-39a6-4c4c-be65-eba7bdc6f70a,John Ross
240,96a46484-aaad-43f5-9c45-d43c37b3de7c,Tevin Coleman
241,8339f3b3-83e4-42e9-8585-9abcbb87d1fc,Antonio Brown
242,f7cabe74-e3e3-43a6-9f40-e14e5da064f1,Ty Johnson
243,72a21751-0a2f-48be-99ba-17220da1c3f2,Tommy Tremble
244,62c7ebe3-7169-4352-b9e9-53bb7edf78c4,Danny Gray
245,,K.J. Hamler
246,aedc1a31-fb7e-4ecc-8303-5fc9328e2058,Justice Hill
247,1f71007b-4e5b-4af9-9ded-1eb6348a2f21,David Bell
248,21e0b083-749d-4624-b09d-0dabc82d737a,Devin Duvernay
249,c11103e3-0274-40c7-8577-cfdf11eed5d7,Raheem Mostert
250,4949da74-661c-4e1c-9505-0a56c351a028,Ryan Griffin
251,c45f6fbf-9e3d-434c-8963-7f1a29036aa9,Ryan Griffin
252,50e46817-ff65-4582-966f-b37dcea8644b,Cam Akers
253,c81cbded-0be2-4a31-ba29-d5a5dc1f6115,Hayden Hurst
254,382cadc3-3f94-42a1-9332-2886f852328e,Braxton Berrios
255,95c91047-89f1-4c02-ba27-a383034ac8c0,Jelani Woods
256,e074fafb-0ab0-4137-9962-15bbdb2c3a8f,Jequez Ezzard
257,b5cb37fa-6383-4575-a29e-262f4278dee1,Darrynton Evans
258,e19b2bec-7575-48ea-8e7a-c74e22318a7a,Quez Watkins
259,2b2ecca0-baa1-4425-bc29-dc4268b84dc5,Marlon Mack
260,7eb26392-b943-4a52-aaf4-177dd25bfff4,Nick Mullens
261,6cff0628-7f57-40ae-90bf-c8209770e9ef,Brandon Allen
262,1fc93ee0-f436-461d-8418-d334faabc926,Mason Rudolph
263,af723aab-5bf8-48a1-b788-e49e8e120cbe,Adam Trautman
264,b01de3aa-4248-4999-b2fc-4ab09a2aa7a8,Irv Smith
265,a6e528c7-56bb-46f1-a6a7-4ff499a927e5,Jalen Guyton
266,36d2302b-75c3-4a9b-885e-fea8c9b25fc5,Ryquell Armstead
267,58da7d55-6b18-48b2-976e-7d8d3e47b31d,Lynn Bowden
268,3bd85b9d-28c1-4d74-b324-63fdf47d9c9e,Mark Ingram
269,425460ed-625a-4f5c-a749-93ac0191d5de,Zamir White
270,3c7ea7ea-e7b3-41ef-a27f-bcd49e1f8684,Hassan Haskins
271,e0b8e620-d1f8-4d6d-be60-65e807b3ac42,Dameon Pierce
272,414d18bc-5200-4261-bd36-bf043043e753,Pierre Strong
273,2e6ac31d-8f96-42c7-8ec9-b3daa30ead93,Snoop Conner
274,aa0dd091-e1e4-4273-b05a-09ea253504d6,DeeJay Dallas
275,48f1826e-aefe-450d-8bac-15930cf27da0,Isaiah Spiller
276,ba4a9091-8649-4f05-bb2a-44d927101698,Darius Slayton
277,a28928f6-3746-443d-a010-39f62a23db06,C.J. Uzomah
278,99f29927-7296-46db-a05c-85edba9d8b66,Raymond Calais
279,e674013f-f39f-438e-9f93-87602ed8d829,Mac Jones
280,f8ba6bcf-4c50-48d6-84f7-8a3b46be277f,Jarrett Stidham
281,8b2b35de-9167-46b7-ad8f-4d46769363ef,Corey Coleman
282,ed6f8f5c-0775-470b-81ad-9b21f5e9beda,Zach Pascal
283,b157d033-f89d-4cce-a7f7-1b316ae5fd45,Josh Oliver
284,175cfad4-4aff-4c91-b520-9b351be50733,Sincere McCormick
285,14331daf-0a1f-41ea-b0b6-efbdb54ce7ec,Tyler Goodson
286,d53b7adf-c030-452c-8f61-a5a6a23352a2,Jerrion Ealy
287,e9e24c49-739b-4f27-befd-56710dec9684,Zach Ertz
288,117280e0-5d44-4b8d-9792-b4c80832dba0,Tajae Sharpe
289,af4e80dd-cb55-4e34-85ec-4f8d62e83d60,Joshua Kelley
290,4499b9b9-f840-4600-91a9-edd64ad4074b,Breshad Perriman
291,d20dc2c5-8999-4eda-bf3f-a5b0172a5613,Josiah Deguara
292,2aeb77c2-0c93-4dec-9fca-5159e9658d7d,Marquez Valdes-Scantling
293,4c610c3e-364f-4780-b72a-8a3e77af2c66,Noah Gray
294,34a01151-40b4-46c3-a76a-81c4c41908c8,Daniel Jones
295,c1b46da3-7ffd-4355-a905-8d379c75816e,Zander Horvath
296,505a131f-6089-45b2-a226-1b9f26ad64ac,Laquon Treadwell
297,95dd6f00-ff2d-4d97-8dde-83fa1e05258b,Donovan Peoples-Jones
298,58f184bb-5d73-4233-a69e-709da45b0ff1,Josh Gordon
299,d3f7a8b5-225f-481a-9a6f-98834f609d72,Samaje Perine
300,3b6065f5-3834-4879-8e54-67b8aef5102b,Amari Rodgers
301,592e3878-d3ff-4425-84c8-36681473b1d5,Emmanuel Sanders
302,8d0cf024-5ee8-4c8c-bf2f-0615303e8688,D'Ernest Johnson
303,370de79d-6d69-439e-b718-4b72cc0f5658,Gus Edwards
304,e50962c0-1587-44be-b307-0fd6dfd41609,Nico Collins
305,22681576-37d9-4ab2-be91-04256bab76ab,Kyle Juszczyk
306,933ee8b7-ba4b-4dbc-886d-3bc468026f40,J.D. McKissic
307,0a4bfa98-969c-4434-ad52-7352ca90aa44,Brandon Bolden
308,4a42a8d3-80c3-42d9-a3dc-72867f765ea2,Davis Mills
309,7af53bd2-e8d6-4ba9-890d-1ee7b2c92380,Tyler Badie
310,,Chig Okonkwo
311,fd813c74-e20b-43b0-9268-258f1ff874fb,Jameis Winston
312,0d4fbe26-9865-4c13-a529-4666ead2761e,Kellen Mond
313,aa40a6ce-5852-4ab0-a32d-9476313f5998,Dalton Keene
314,324a279d-805d-4824-8c15-ddeb39b7fc1b,Jacob Eason
315,ad3c9f06-8833-4a9c-af53-7ac469d2d899,Nick Westbrook-Ikhine
316,cd5fe5f1-8df5-48a7-ac00-b536eb42e955,Chris Evans
317,32453db9-414d-4c37-bb5c-0771b125f21e,Tre'Quan Smith
318,f184a729-e844-4fdd-96b6-12b4943df4dd,A.J. Green
319,08a380fa-5f9c-425d-9995-d51cf9d22202,Kevin Harris
320,d5b99732-fd94-458c-9b5d-3ee3f492b4a2,Trevor Lawrence
321,fbd528b9-57a7-4ce1-a83a-0bddd99bc7a7,Eno Benjamin
322,9603b103-2ba7-4a7d-8017-8a97f2aae278,Andy Isabella
323,a0326931-81ea-44ad-9bc1-b220d98d6efc,Jake Luton
324,0c8ee3ae-a91b-4f74-afdd-d858fe98ca37,Tim Patrick
325,adb2fc4c-9a79-4e96-8a0e-52ce24f45253,Will Grier
326,e982ddfa-fe65-4f28-8012-8ccffa4b8333,Kyren Williams
327,6cadd4e1-40b4-470c-a934-b496a69e803a,Taysom Hill
328,5d8d5575-438e-43cd-89b5-59f6a9073b61,Ian Thomas
329,e449ed19-370f-42d7-b902-7b912bb2c6f4,Mack Hollins
330,98e159b5-9d86-4c72-99d0-175f5c39246a,Chris Moore
331,3e3f3588-342c-4f99-b3c1-bb2cc85f88e1,Harrison Bryant
332,cdfc7ada-d412-4d8d-b5d2-248891de6371,Parris Campbell
333,8c69a86f-c0d3-4e51-b300-c17db708e07c,Jace Sternberger
334,04281c8a-2146-4fe5-a9d5-718cefe491cf,Jermar Jefferson
335,1f3fa737-6a32-4beb-9eae-9a9134c1148e,Drew Lock
336,9c41c51b-0c1c-4780-82ef-6ba91cfd7cff,Keaontay Ingram
337,,Trestan Ebner
338,4e4ba299-ef08-4ea7-92ed-61e4e96d734c,Tyler Allgeier
339,bda2c49d-047a-4be8-9323-2001173675cd,Ty Chandler
340,33211617-2911-45b5-8f28-12f298bc9aec,Jerome Ford
341,9b85dfa9-836d-451d-9604-5ca16c3c5d8b,Robert Foster
342,550b1f8c-95b3-4c3b-afab-04d7075a76d6,Samori Toure
343,149eac0f-6fd5-4e34-b2ed-3e3149f0d58d,Odell Beckham
344,ee5451d4-a2ba-4a0f-8d2c-02880197c582,Jordan Matthews
345,9585f114-7c13-4990-af67-5eae1b3b007b,Mike Davis
346,9585f114-7c13-4990-af67-5eae1b3b007b,Mike Davis
347,9585f114-7c13-4990-af67-5eae1b3b007b,Mike Davis
348,9585f114-7c13-4990-af67-5eae1b3b007b,Mike Davis
349,9585f114-7c13-4990-af67-5eae1b3b007b,Mike Davis
350,9585f114-7c13-4990-af67-5eae1b3b007b,Mike Davis
351,9585f114-7c13-4990-af67-5eae1b3b007b,Mike Davis
352,9585f114-7c13-4990-af67-5eae1b3b007b,Mike Davis
353,ec5e1a7f-a88d-4309-92e5-78db94ec740a,Ihmir Smith-Marsette
354,97a217db-88e9-4e7a-931d-db7b0e266f28,Shi Smith
355,f8e5daa7-97b2-45aa-a5f8-f4730818ff72,Denzel Mims
356,2d6b2d58-a0b5-43e7-9bbd-430a21cc1871,Tyler Johnson
357,a8fb1acf-337d-4bc0-9f5b-3a9c7c5382eb,Isaiah Likely
358,9490ecbd-3730-416e-8cb2-027b49c3ed65,Josh Reynolds
359,0eeeae75-2aad-4b68-b98a-6066abd11cd3,Demarcus Robinson
360,a413fe49-ea3a-421e-8bff-f631754ce4d1,Travis Fulgham
361,360914e9-3c42-4cec-bfbe-4234bd9f238c,Trent Taylor
362,f6eba74a-da42-41fb-8616-1a3a11c88861,Jaret Patterson
363,02d7a08c-e331-4ea1-9df6-81c13f7607c3,Adrian Peterson
364,a77d126e-ed4c-4111-92ef-a9b9b2123444,Malcolm Perry
365,3df84a22-41ca-4c7f-9d83-6975f53793f3,Teddy Bridgewater
366,b76e8b25-0bf9-4cfe-a81c-c903b96a05a0,Jeremy McNichols
367,c691ea14-90c0-4645-b3df-eb585fcd0f60,Marcedes Lewis
368,58ba2491-35ca-49a7-95fe-41dd4c118941,Brevin Jordan
369,ff1f4dca-0049-42b4-89c2-7594c28f4138,Phillip Lindsay
370,,Olabisi Johnson
371,,Luke Little
372,,Gerrit Prince
373,4e0f761e-c9dd-41c8-9ebb-2fa40e5021ef,Jeff Wilson
374,,Erik Ezukanma
375,e2bd737e-9339-45b4-9a0b-8635572bc6bc,Calvin Austin
376,50f3408a-4441-40a1-a34a-04d04a6fc713,Jake Ferguson
377,03a47921-b032-4c5e-864e-3508dae941e3,Romeo Doubs
378,dbcc595c-dfb0-47fb-8b56-45757a3e621f,Cade Otton
379,387d710a-f249-401e-ac59-fb4c07543017,Charlie Kolar
380,75504caf-d756-4602-a5f2-8269b80e167f,Darwin Thompson
381,59d2f288-0484-4a32-aaf3-d0efe0114fcd,Luke Farrell
382,edd3419b-ce81-4136-a848-edf38d8b6dfa,Kylen Granson
383,10b43cfa-16b0-4519-9fb0-355b31979f5e,Preston Williams
384,88d9ddff-6600-4aab-912d-df3a4896e331,Chad Williams
385,814b4e4d-908d-4df4-88c5-ef7c5f33ecdb,Hunter Long
386,bd42d7bd-dfe9-4e8d-bb84-1c6abdb81a4b,J.J. Arcega-Whiteside
387,ced41fb0-de59-469c-b458-1be66c67c1fe,O.J. Howard
388,6b8b4ecd-ab00-4f9f-b44f-347a458a2419,Isiah Pacheco
389,2ec95317-8935-441f-b507-8c535149e68a,Demetric Felton
390,1b1490d1-9aaa-4cf3-9cb9-5966cfa2dd8d,Colt McCoy
391,d526d710-f86b-46f6-9857-2cd6021bd856,Phillip Dorsett
392,27ac7026-ce88-45cd-9302-b550034b47da,John Bates
393,f1dcf07a-75a3-4f45-b1c0-e5a370d9b00f,Durham Smythe
394,2414af80-6c5f-4d81-8ed7-a0bec9fb8ad5,Maxx Williams
395,aa266f54-67c4-4792-ada8-9afe3f771e59,Quintez Cephus
396,10809e1d-b387-4e96-a512-e4e435d438c2,Daniel Bellinger
397,4d23be7d-21b1-4ae0-be46-8aecf072e75a,DaeSean Hamilton
398,a82f2cd5-47d1-450b-9239-5c311c84c342,Foster Moreau
399,59fccfca-aee1-49a7-841e-6bb9abe3eaf9,Albert Okwuegbunam
400,703b7cd5-fec7-4334-9961-556f6df8496d,James White
401,c2b9b6f0-ce11-4564-9f23-7cf4f38f4064,Isaiah McKenzie
402,9e85fff5-51b7-4d50-a562-65a3107659e1,Ashton Dulin
403,269792b2-02f1-41d8-80f6-f415c633d007,Alex Collins
404,c2d9c4f0-2c01-475f-8f3d-d31cc9af6253,Connor Heyward
405,750c6ad0-5089-49a7-9aa9-4b7a036b4771,Brittain Brown
406,d16d3ea5-5fba-44d8-a928-c2f06300df48,Shermari Jones
407,,Kevin Brown
408,bca22ca5-1d42-4d23-bfe7-680301f6da28,Raheem Blackshear
409,b962a454-bf93-4feb-b121-4d7bbe239a22,JaMycal Hasty
410,6e51491c-9c3f-44ea-b703-7e6504a417e6,Dare Ogunbowale
411,8b8381ee-fd41-4b7e-b4ae-0e66f2d4ffb1,Dontrell Hilliard
412,455b7c9e-e21d-400b-841a-d97eca704317,Ty'Son Williams
413,ddb215b6-7aa8-48f8-b413-612a2e24e4cc,Dax Milne
414,47c9c176-fda4-4de1-882c-c77e20714d82,Donald Parham
415,783f7072-a248-4792-a0a8-f1badd8ec4cc,N'Keal Harry
416,d9539b82-587d-49f1-bfc3-7ed773e7d119,Damien Williams
417,b11b2826-992e-486f-b969-4cb1d3fc46fe,Devin Asiasi
418,0217d167-1e10-42bf-98bc-91b66fb10405,Peyton Barber
419,,Tre McKitty
420,,Lamical Perine
421,513f5be5-974b-4853-815a-006071ee2bac,Jordan Wilkins
422,30bc6de1-28e9-4d77-a56b-ddce8b85dff8,Mike Woods
423,ea1f2f52-a40d-4311-8af8-67bd56f5b854,Grant Calcaterra
424,eb9ed781-537b-4f38-b2bf-6edf503851a4,Teagan Quitoriano
425,1ae2aae3-c5d7-4a43-bfef-572ac39109e2,James Mitchell
426,5f381d00-3155-4d67-828f-b82df5e24152,Cole Turner
427,3914168b-85b2-4562-a2f5-62a543dbafcd,Kyle Philips
428,3e2eb995-399a-4277-885a-07da782d4dc8,Jalen Nailor
429,faf9a5ab-c21f-42c8-9e2c-7f36d27b877f,Matt Breida
430,b2f1fe8a-9fbe-4346-8035-f19c11b820d1,Salvon Ahmed
431,2b804397-6196-4bd3-bbf4-842ac6a77f3c,Kene Nwangwu
432,f753e01f-eb96-4fea-9969-30527df82d20,Rashard Higgins
433,b3788e9e-d02e-40ed-b987-187b5c95da65,Mataeo Durant
434,ae8c1965-ff30-419e-9765-6e2cf40fdd19,Larry Rountree
435,cb1bba94-acb9-4d55-a14a-7282218ad5b6,Sean Mannion
436,90833e6e-7816-455a-ae6a-ec4e43e20b35,Cooper Rush
437,47d81ead-8027-453d-8872-61a9db24d3a2,Khalil Herbert
438,90d64c3f-503e-4ac7-a066-2f82209f1497,Marquise Goodwin
439,7ef592ca-7e0d-48ab-8f65-48f8a02439b6,Nick Vannett
440,7c0480a0-3174-4bde-a04d-dc63c8640bd8,Troy Fumagalli
441,2e1a2979-1ce2-4743-9a90-74ae02a507f4,Rex Burkhead
442,b8ec76c9-6f2f-4d2e-8659-0ce08fb27028,BJ Baylor
443,26fb216b-05e0-4220-981a-a92d4d8de42a,Jaylen Warren
444,dd2543f6-120b-4ac1-83f1-eefc09671e39,Kennedy Brooks
445,f54caaf6-c237-43af-b01e-b799aa202811,Abram Smith
446,dda94cd4-68a8-46f3-b56c-68c3841b67e9,Bryant Koback
447,25d91612-e90e-425d-ba26-0aafa6b5974d,Jalen Richard
448,4a71ddd7-0621-4136-84b2-25ffe2164436,Freddie Swain
449,96fea027-5f68-4196-b58d-9f8c49779185,Richie James
450,20543357-75d2-4b86-93bc-0f52c95201b2,Dez Fitzpatrick
451,dab2340c-5562-423f-8d83-32fb9337b8da,Collin Johnson
452,53858570-9ad4-4b69-accc-f4978329aad0,Jakeem Grant
453,b83fcfc1-83f0-4745-9b90-ba51e97b5040,Alex Erickson
454,43e3c84e-4c06-4832-ac2c-096a96798edf,Adam Shaheen
455,6dad08a8-5b6c-4a7b-a50f-16d5ffedb35e,Craig Reynolds
456,e9549be8-b346-4240-b27c-cea1b4c71591,Byron Pringle
457,f9e0b710-86bf-449f-bb3c-b503d74da15e,Miles Boykin
458,4d9264e2-20e6-4de0-8dfd-c29a51451f2e,Rico Dowdle
459,07d8c48b-9546-45dd-aae0-4bb41cc5f86f,Ben DiNucci
460,c1ca25de-8d4e-4f8f-95c7-ca3d985404ef,Trace McSorley
461,a92451c3-eb4e-4a7f-9056-878ab866a791,Will Dissly
462,2389b998-d335-4466-b3e9-e1d0c11619c1,Jacob Hollister
463,a70bf679-c89c-4cba-889d-46889f42cded,Anthony McFarland
464,6181ea4b-7a9b-40d1-8727-9714f33750a5,Derrick Gore
465,7a124013-a52a-41b0-b5c0-783fd242cf68,Khalil Shakir
466,afff35e3-d664-47a4-b061-f1ade78edc73,Andrew Ogletree
467,f6f699ec-6b7d-4777-b617-9bcdcbe34a27,Jacoby Brissett
468,5ae3231a-cde7-4df4-919b-f24773abd6a5,Alex Armah
469,8cb0d227-d0c7-4834-8908-a5d865b7652d,Derek Watt
470,,Mike Burton
471,efaf640a-5a6d-4e4a-b97b-ba854be0fac5,Dareke Young
472,de011687-64a1-42d4-8da1-ecf4a09d1403,Ko Kieft
473,b61e9db2-4aee-4d89-ab6f-042fa9741eb6,Bo Melton
474,,Keith Corbin
475,,Kendric Pryor
476,358a849a-9389-48c1-982e-09e125e67138,Stephen Anderson
477,3145cf37-1c94-4ed3-a799-3295322bf2df,Ricky Seals-Jones
478,617b422c-92bc-4f1a-8db2-f43c44dcbe49,Juwan Johnson
479,742f8291-aeac-4a30-934c-a9d93fc98785,Antoine Wesley
480,304d2e95-7ce3-441f-9055-3990071e9ba0,James O'Shaughnessy
481,aee3a5dc-6b22-445c-8776-6c30b7d8773b,Randall Cobb
482,afc33330-d344-4755-9c5c-61d1b21dcdf0,Jonathan Williams
483,0cfe97bf-1946-4a85-85d2-4864f2b4641a,Drew Sample
484,77e2a4a0-1264-4dff-8f0e-7c87a5bf500d,Jaylen Samuels
485,81a916f0-ff43-4f5d-a7c3-032b702a7fcc,Travis Homer
486,4773b86b-acbe-4d0c-b434-80c95d407370,Nick Boyle
487,cc6f1229-2cb7-4b11-aa44-1ca4f89764a6,Qadree Ollison
488,47333d2d-da9f-42a3-9518-2c54ce3f6fd7,Jordan Love
489,22df9639-b8fe-4ef9-a034-777f6ab90b97,Greg Ward
490,84603ea4-1323-4ada-8844-2cd730c1ea89,DeAndre Carter
491,d6c39644-73bc-4722-8df3-ee1a6443adc0,James Proche
492,67fcdb9d-d96e-4700-9c00-472698394809,Cody Core
493,e796fb8d-e6a7-4e82-b7de-b6763b06a83f,Trevor Siemian
494,33f65149-01b5-402f-a559-f593b584358b,Justyn Ross
495,0b43f186-0059-4e36-8bad-5bb79ebb076b,Josh Malone
496,0408a61e-0457-471b-a3d1-7e350416b89a,Keke Coutee
497,79e26560-db98-4de3-bc05-5498264af0ad,David Moore
498,5374d062-558d-472b-8b3a-5348d2735c69,Equanimeous St. Brown
499,91293eee-6229-4717-a3b7-c6225ed907e4,Kelvin Harmon
500,79d2b5a7-0907-44fa-a408-62f365221875,Dan Arnold
501,dbe63fa9-7b3a-43bb-9c6a-8789f3ef6ace,Josh Adams
502,994e6d37-a37a-4f26-8c8c-a22b1a267440,Elijhaa Penny
503,9375d41b-ad88-47e0-9c1f-68c8a5d815c8,C.J. Ham
504,fa024a0b-ef6a-4f04-9392-a7a3ed4f7b15,Josh Johnson
505,45ab425b-f1aa-4cda-b255-8790ee1ded8e,Josh Johnson
506,fb9b8ff0-bbe4-4272-9e17-8880942b7167,Josh Johnson
507,fa024a0b-ef6a-4f04-9392-a7a3ed4f7b15,Josh Johnson
508,45ab425b-f1aa-4cda-b255-8790ee1ded8e,Josh Johnson
509,fb9b8ff0-bbe4-4272-9e17-8880942b7167,Josh Johnson
510,fa024a0b-ef6a-4f04-9392-a7a3ed4f7b15,Josh Johnson
511,45ab425b-f1aa-4cda-b255-8790ee1ded8e,Josh Johnson
512,fb9b8ff0-bbe4-4272-9e17-8880942b7167,Josh Johnson
513,fa024a0b-ef6a-4f04-9392-a7a3ed4f7b15,Josh Johnson
514,45ab425b-f1aa-4cda-b255-8790ee1ded8e,Josh Johnson
515,fb9b8ff0-bbe4-4272-9e17-8880942b7167,Josh Johnson
516,fa024a0b-ef6a-4f04-9392-a7a3ed4f7b15,Josh Johnson
517,45ab425b-f1aa-4cda-b255-8790ee1ded8e,Josh Johnson
518,fb9b8ff0-bbe4-4272-9e17-8880942b7167,Josh Johnson
519,fa024a0b-ef6a-4f04-9392-a7a3ed4f7b15,Josh Johnson
520,45ab425b-f1aa-4cda-b255-8790ee1ded8e,Josh Johnson
521,fb9b8ff0-bbe4-4272-9e17-8880942b7167,Josh Johnson
522,fa024a0b-ef6a-4f04-9392-a7a3ed4f7b15,Josh Johnson
523,45ab425b-f1aa-4cda-b255-8790ee1ded8e,Josh Johnson
524,fb9b8ff0-bbe4-4272-9e17-8880942b7167,Josh Johnson
525,fa024a0b-ef6a-4f04-9392-a7a3ed4f7b15,Josh Johnson
526,45ab425b-f1aa-4cda-b255-8790ee1ded8e,Josh Johnson
527,fb9b8ff0-bbe4-4272-9e17-8880942b7167,Josh Johnson
528,fa024a0b-ef6a-4f04-9392-a7a3ed4f7b15,Josh Johnson
529,45ab425b-f1aa-4cda-b255-8790ee1ded8e,Josh Johnson
530,fb9b8ff0-bbe4-4272-9e17-8880942b7167,Josh Johnson
531,fa024a0b-ef6a-4f04-9392-a7a3ed4f7b15,Josh Johnson
532,45ab425b-f1aa-4cda-b255-8790ee1ded8e,Josh Johnson
533,fb9b8ff0-bbe4-4272-9e17-8880942b7167,Josh Johnson
534,fa024a0b-ef6a-4f04-9392-a7a3ed4f7b15,Josh Johnson
535,45ab425b-f1aa-4cda-b255-8790ee1ded8e,Josh Johnson
536,fb9b8ff0-bbe4-4272-9e17-8880942b7167,Josh Johnson
537,fa024a0b-ef6a-4f04-9392-a7a3ed4f7b15,Josh Johnson
538,45ab425b-f1aa-4cda-b255-8790ee1ded8e,Josh Johnson
539,fb9b8ff0-bbe4-4272-9e17-8880942b7167,Josh Johnson
540,fa024a0b-ef6a-4f04-9392-a7a3ed4f7b15,Josh Johnson
541,45ab425b-f1aa-4cda-b255-8790ee1ded8e,Josh Johnson
542,fb9b8ff0-bbe4-4272-9e17-8880942b7167,Josh Johnson
543,fa024a0b-ef6a-4f04-9392-a7a3ed4f7b15,Josh Johnson
544,45ab425b-f1aa-4cda-b255-8790ee1ded8e,Josh Johnson
545,fb9b8ff0-bbe4-4272-9e17-8880942b7167,Josh Johnson
546,fa024a0b-ef6a-4f04-9392-a7a3ed4f7b15,Josh Johnson
547,45ab425b-f1aa-4cda-b255-8790ee1ded8e,Josh Johnson
548,fb9b8ff0-bbe4-4272-9e17-8880942b7167,Josh Johnson
549,fa024a0b-ef6a-4f04-9392-a7a3ed4f7b15,Josh Johnson
550,45ab425b-f1aa-4cda-b255-8790ee1ded8e,Josh Johnson
551,fb9b8ff0-bbe4-4272-9e17-8880942b7167,Josh Johnson
552,fa024a0b-ef6a-4f04-9392-a7a3ed4f7b15,Josh Johnson
553,45ab425b-f1aa-4cda-b255-8790ee1ded8e,Josh Johnson
554,fb9b8ff0-bbe4-4272-9e17-8880942b7167,Josh Johnson
555,fa024a0b-ef6a-4f04-9392-a7a3ed4f7b15,Josh Johnson
556,45ab425b-f1aa-4cda-b255-8790ee1ded8e,Josh Johnson
557,fb9b8ff0-bbe4-4272-9e17-8880942b7167,Josh Johnson
558,fa024a0b-ef6a-4f04-9392-a7a3ed4f7b15,Josh Johnson
559,45ab425b-f1aa-4cda-b255-8790ee1ded8e,Josh Johnson
560,fb9b8ff0-bbe4-4272-9e17-8880942b7167,Josh Johnson
561,fa024a0b-ef6a-4f04-9392-a7a3ed4f7b15,Josh Johnson
562,45ab425b-f1aa-4cda-b255-8790ee1ded8e,Josh Johnson
563,fb9b8ff0-bbe4-4272-9e17-8880942b7167,Josh Johnson
564,fa024a0b-ef6a-4f04-9392-a7a3ed4f7b15,Josh Johnson
565,45ab425b-f1aa-4cda-b255-8790ee1ded8e,Josh Johnson
566,fb9b8ff0-bbe4-4272-9e17-8880942b7167,Josh Johnson
567,fa024a0b-ef6a-4f04-9392-a7a3ed4f7b15,Josh Johnson
568,45ab425b-f1aa-4cda-b255-8790ee1ded8e,Josh Johnson
569,fb9b8ff0-bbe4-4272-9e17-8880942b7167,Josh Johnson
570,fa024a0b-ef6a-4f04-9392-a7a3ed4f7b15,Josh Johnson
571,45ab425b-f1aa-4cda-b255-8790ee1ded8e,Josh Johnson
572,fb9b8ff0-bbe4-4272-9e17-8880942b7167,Josh Johnson
573,fa024a0b-ef6a-4f04-9392-a7a3ed4f7b15,Josh Johnson
574,45ab425b-f1aa-4cda-b255-8790ee1ded8e,Josh Johnson
575,fb9b8ff0-bbe4-4272-9e17-8880942b7167,Josh Johnson
576,fa024a0b-ef6a-4f04-9392-a7a3ed4f7b15,Josh Johnson
577,45ab425b-f1aa-4cda-b255-8790ee1ded8e,Josh Johnson
578,fb9b8ff0-bbe4-4272-9e17-8880942b7167,Josh Johnson
579,fa024a0b-ef6a-4f04-9392-a7a3ed4f7b15,Josh Johnson
580,45ab425b-f1aa-4cda-b255-8790ee1ded8e,Josh Johnson
581,fb9b8ff0-bbe4-4272-9e17-8880942b7167,Josh Johnson
582,fa024a0b-ef6a-4f04-9392-a7a3ed4f7b15,Josh Johnson
583,45ab425b-f1aa-4cda-b255-8790ee1ded8e,Josh Johnson
584,fb9b8ff0-bbe4-4272-9e17-8880942b7167,Josh Johnson
585,fa024a0b-ef6a-4f04-9392-a7a3ed4f7b15,Josh Johnson
586,45ab425b-f1aa-4cda-b255-8790ee1ded8e,Josh Johnson
587,fb9b8ff0-bbe4-4272-9e17-8880942b7167,Josh Johnson
588,fa024a0b-ef6a-4f04-9392-a7a3ed4f7b15,Josh Johnson
589,45ab425b-f1aa-4cda-b255-8790ee1ded8e,Josh Johnson
590,fb9b8ff0-bbe4-4272-9e17-8880942b7167,Josh Johnson
591,fa024a0b-ef6a-4f04-9392-a7a3ed4f7b15,Josh Johnson
592,45ab425b-f1aa-4cda-b255-8790ee1ded8e,Josh Johnson
593,fb9b8ff0-bbe4-4272-9e17-8880942b7167,Josh Johnson
594,fa024a0b-ef6a-4f04-9392-a7a3ed4f7b15,Josh Johnson
595,45ab425b-f1aa-4cda-b255-8790ee1ded8e,Josh Johnson
596,fb9b8ff0-bbe4-4272-9e17-8880942b7167,Josh Johnson
597,fa024a0b-ef6a-4f04-9392-a7a3ed4f7b15,Josh Johnson
598,45ab425b-f1aa-4cda-b255-8790ee1ded8e,Josh Johnson
599,fb9b8ff0-bbe4-4272-9e17-8880942b7167,Josh Johnson
600,fa024a0b-ef6a-4f04-9392-a7a3ed4f7b15,Josh Johnson
601,45ab425b-f1aa-4cda-b255-8790ee1ded8e,Josh Johnson
602,fb9b8ff0-bbe4-4272-9e17-8880942b7167,Josh Johnson
603,fa024a0b-ef6a-4f04-9392-a7a3ed4f7b15,Josh Johnson
604,45ab425b-f1aa-4cda-b255-8790ee1ded8e,Josh Johnson
605,fb9b8ff0-bbe4-4272-9e17-8880942b7167,Josh Johnson
606,fa024a0b-ef6a-4f04-9392-a7a3ed4f7b15,Josh Johnson
607,45ab425b-f1aa-4cda-b255-8790ee1ded8e,Josh Johnson
608,fb9b8ff0-bbe4-4272-9e17-8880942b7167,Josh Johnson
609,fa024a0b-ef6a-4f04-9392-a7a3ed4f7b15,Josh Johnson
610,45ab425b-f1aa-4cda-b255-8790ee1ded8e,Josh Johnson
611,fb9b8ff0-bbe4-4272-9e17-8880942b7167,Josh Johnson
612,fa024a0b-ef6a-4f04-9392-a7a3ed4f7b15,Josh Johnson
613,45ab425b-f1aa-4cda-b255-8790ee1ded8e,Josh Johnson
614,fb9b8ff0-bbe4-4272-9e17-8880942b7167,Josh Johnson
615,fa024a0b-ef6a-4f04-9392-a7a3ed4f7b15,Josh Johnson
616,45ab425b-f1aa-4cda-b255-8790ee1ded8e,Josh Johnson
617,fb9b8ff0-bbe4-4272-9e17-8880942b7167,Josh Johnson
618,fa024a0b-ef6a-4f04-9392-a7a3ed4f7b15,Josh Johnson
619,45ab425b-f1aa-4cda-b255-8790ee1ded8e,Josh Johnson
620,fb9b8ff0-bbe4-4272-9e17-8880942b7167,Josh Johnson
621,fa024a0b-ef6a-4f04-9392-a7a3ed4f7b15,Josh Johnson
622,45ab425b-f1aa-4cda-b255-8790ee1ded8e,Josh Johnson
623,fb9b8ff0-bbe4-4272-9e17-8880942b7167,Josh Johnson
624,fa024a0b-ef6a-4f04-9392-a7a3ed4f7b15,Josh Johnson
625,45ab425b-f1aa-4cda-b255-8790ee1ded8e,Josh Johnson
626,fb9b8ff0-bbe4-4272-9e17-8880942b7167,Josh Johnson
627,fa024a0b-ef6a-4f04-9392-a7a3ed4f7b15,Josh Johnson
628,45ab425b-f1aa-4cda-b255-8790ee1ded8e,Josh Johnson
629,fb9b8ff0-bbe4-4272-9e17-8880942b7167,Josh Johnson
630,b1237a42-3815-453d-8ac5-c3a1692c1f66,Lucas Krull
631,0d138f1f-da8e-4bae-8e6f-e4c70df18650,Rodney Williams
632,fa024a0b-ef6a-4f04-9392-a7a3ed4f7b15,Josh Johnson
633,45ab425b-f1aa-4cda-b255-8790ee1ded8e,Josh Johnson
634,fb9b8ff0-bbe4-4272-9e17-8880942b7167,Josh Johnson
635,fa024a0b-ef6a-4f04-9392-a7a3ed4f7b15,Josh Johnson
636,45ab425b-f1aa-4cda-b255-8790ee1ded8e,Josh Johnson
637,fb9b8ff0-bbe4-4272-9e17-8880942b7167,Josh Johnson
638,fa024a0b-ef6a-4f04-9392-a7a3ed4f7b15,Josh Johnson
639,45ab425b-f1aa-4cda-b255-8790ee1ded8e,Josh Johnson
640,fb9b8ff0-bbe4-4272-9e17-8880942b7167,Josh Johnson
641,fa024a0b-ef6a-4f04-9392-a7a3ed4f7b15,Josh Johnson
642,45ab425b-f1aa-4cda-b255-8790ee1ded8e,Josh Johnson
643,fb9b8ff0-bbe4-4272-9e17-8880942b7167,Josh Johnson
644,fa024a0b-ef6a-4f04-9392-a7a3ed4f7b15,Josh Johnson
645,45ab425b-f1aa-4cda-b255-8790ee1ded8e,Josh Johnson
646,fb9b8ff0-bbe4-4272-9e17-8880942b7167,Josh Johnson
647,fa024a0b-ef6a-4f04-9392-a7a3ed4f7b15,Josh Johnson
648,45ab425b-f1aa-4cda-b255-8790ee1ded8e,Josh Johnson
649,fb9b8ff0-bbe4-4272-9e17-8880942b7167,Josh Johnson
650,fa024a0b-ef6a-4f04-9392-a7a3ed4f7b15,Josh Johnson
651,45ab425b-f1aa-4cda-b255-8790ee1ded8e,Josh Johnson
652,fb9b8ff0-bbe4-4272-9e17-8880942b7167,Josh Johnson
653,fa024a0b-ef6a-4f04-9392-a7a3ed4f7b15,Josh Johnson
654,45ab425b-f1aa-4cda-b255-8790ee1ded8e,Josh Johnson
655,fb9b8ff0-bbe4-4272-9e17-8880942b7167,Josh Johnson
656,,Dee Anderson
657,fa024a0b-ef6a-4f04-9392-a7a3ed4f7b15,Josh Johnson
658,45ab425b-f1aa-4cda-b255-8790ee1ded8e,Josh Johnson
659,fb9b8ff0-bbe4-4272-9e17-8880942b7167,Josh Johnson
660,fa024a0b-ef6a-4f04-9392-a7a3ed4f7b15,Josh Johnson
661,45ab425b-f1aa-4cda-b255-8790ee1ded8e,Josh Johnson
662,fb9b8ff0-bbe4-4272-9e17-8880942b7167,Josh Johnson
663,fa024a0b-ef6a-4f04-9392-a7a3ed4f7b15,Josh Johnson
664,45ab425b-f1aa-4cda-b255-8790ee1ded8e,Josh Johnson
665,fb9b8ff0-bbe4-4272-9e17-8880942b7167,Josh Johnson
666,fa024a0b-ef6a-4f04-9392-a7a3ed4f7b15,Josh Johnson
667,45ab425b-f1aa-4cda-b255-8790ee1ded8e,Josh Johnson
668,fb9b8ff0-bbe4-4272-9e17-8880942b7167,Josh Johnson
669,94eebacc-e0e1-4be6-83ea-24407f2deaf1,Patrick Taylor
670,92c208c0-fcf3-404b-b581-3676f41c246e,Ryan Izzo
671,03fb9aa2-07cb-4448-85a7-ff8e4320fd0c,Kurt Benkert
672,b1cc127a-36fb-41bd-8e27-592fbe9e985d,Ian Book
673,a1b97de7-bc92-40b3-8d75-f3ce333db512,Easton Stick
674,9bc486fd-fa66-41db-8603-df82bdaedd3f,Davis Webb
675,1d12f563-1212-498f-a009-74df5225a0ff,Lil'Jordan Humphrey
676,8e2f0649-dfd7-4a3f-bacf-538be05d24eb,J.J. Taylor
677,8cb7ea9a-b34d-4e9d-9a2b-7d08868ac2e9,Joe Flacco
678,9fab6961-4089-4fd4-adb0-64176dc8c6b9,Stone Smartt
679,45c92442-91a9-4248-bb7b-042bb54342c7,Seth Green
680,952a8e48-a1db-4bcc-8784-357e078449f8,Tyrod Taylor
681,c9b3edf5-38c0-4061-8206-0ffe0c8c676f,Chad Henne
682,bd940fd5-161e-4a1c-8a79-9a7815593833,Cam Sims
683,cba1f18e-14ba-48ed-8ad7-fb99e324aa5d,Nick Bawden
684,dfc10367-d340-42c5-a786-5449b709d04e,Justin Watson
685,2123fdc3-99b4-4d95-bbad-f9e84f522999,Steven Sims
686,5ae48001-682d-4a57-a20c-f17770a35503,Matt Corral
687,1c6b4dcf-dcce-4c03-b0c1-2cd49b7f7db7,Malik Willis
688,5fec0337-3153-445e-a2e7-eb746076e81c,Desmond Ridder
689,b9372a4f-cb29-4763-b377-829a9310ab0f,Anthony Firkser
690,624f25d6-d5c3-47a3-8237-7063bcb006ef,Kevin White
691,67e37081-ca82-49be-8dbb-8b6a9a7ed121,John Hightower
692,af1d653e-b119-4067-8a83-06883cae76ad,Richard Rodgers
693,76af0349-e9fa-4484-b615-f1a33b2dbc3f,C.J. Beathard
694,9ca38838-dfc7-4fb5-85ba-290a07c5d4d8,Zach Gentry
695,cff9df7a-02fc-4af1-9eb2-a219c3a29682,Joe Reed
696,197322c0-b970-4295-9343-8622b0257ced,Deon Cain
697,8e2326a4-c6d8-4ee7-8ec8-92e7db9cb030,Montrell Washington
698,7b5f1faa-1e54-4fd0-92dd-87ca13bdf2a5,Ray-Ray McCloud
699,d9b3e24e-461a-408e-94c0-b8ee7b376bd8,Andre Roberts
700,916fdd85-fd9b-4d25-b2d9-1f83ed11345b,Damiere Byrd
701,6d4fe85a-7c04-42e3-9e9c-b55b5103f152,Jordan Thomas
702,7c649c4d-2bdc-41e0-93be-06e360e42182,Javon Wims
703,9949debe-381c-413d-aa45-01862355b3d8,Noah Brown
704,5a7aed3a-cf5c-47ae-ba6a-ea502a31c8c5,Rob Gronkowski
705,5fc537b0-2be1-41d6-8b7c-a084116e6b28,Tommy Sweeney
706,f07cea92-16ee-4de4-adbb-f8702f96145e,Ben Skowronek
707,38c2b655-3d9c-4635-8617-61028eeb8a05,Andy Dalton
708,3ab687f9-4eef-4ed2-8521-149d7f8faf45,Elijah Holyfield
709,c89b874e-acb0-4e79-b710-d48d4b511c13,Alec Ingold
710,b462b750-c575-43bd-9bfd-5ac01e2973c7,Gabe Nabers
711,1c9140fd-bda2-4a43-b54e-bf888ab6cc6f,Jakob Johnson
712,6373c2cc-71b4-4693-be65-904f43e9caa4,Jauan Jennings
713,,Tyson Morris
714,4949da74-661c-4e1c-9505-0a56c351a028,Ryan Griffin
715,c45f6fbf-9e3d-434c-8963-7f1a29036aa9,Ryan Griffin
716,05d96c4c-4fa8-4a78-814f-1bca2641097a,Tyler Huntley
717,1e1d2409-33c3-46f7-96f6-9d23a588c13e,Tyrie Cleveland
718,ddef5fed-6b61-4982-b1ec-d0b4ac3aed0f,Stephen Sullivan
719,147f67a0-ad6d-456c-b298-5c294cf0d2b6,Gary Brightwell
720,ce627f68-7fb9-4d82-8538-bb22640b614f,John Kelly
721,9c3d3394-8532-4fe4-8752-0ecafbc20b93,Jason Huntley
722,c2a64623-b2c3-44b6-b100-091ac0617edb,Sean McKeon
723,fa024a0b-ef6a-4f04-9392-a7a3ed4f7b15,Josh Johnson
724,45ab425b-f1aa-4cda-b255-8790ee1ded8e,Josh Johnson
725,fb9b8ff0-bbe4-4272-9e17-8880942b7167,Josh Johnson
726,56714310-87f3-4f38-89ac-475b205d09e5,Brian Hoyer
727,ba201731-09c2-4463-891c-aa5204673eb0,Chase Daniel
728,1fb2d5a9-a605-4d1b-aa06-6608ca3ba539,Nick Foles
729,9c6a67c0-156e-41ec-8d28-5de0dcbf94e2,Case Keenum
730,6b387cb3-80b5-4caf-bf43-2e12f1ec2600,Tyron Johnson
731,43aee014-4f62-4082-9c42-68622ff9830a,Trayveon Williams
732,9cdedc56-7ecb-483c-a7fa-0fdee216d4f1,Pharaoh Brown
733,6ec2ea22-b443-470c-b348-de3ffa1f05e3,Brandon Zylstra
734,04ca3e5b-cbd4-48b1-9a5b-856106fb8b27,Khadarel Hodge
735,da99f67f-53fc-4231-b530-0d4f7065730a,Damarea Crockett
736,b8cb5fcb-1f49-48e4-a3e7-19281dad8cc5,Penny Hart
737,765cf1a5-fbb2-4846-83c8-7cd7213dbbdd,Tom Kennedy
738,883a1b13-7b4e-47db-896a-e15ba6404712,Trinity Benson
739,2c4a4205-a899-493b-ac49-f941e8808ce9,Blake Bell
740,9b2393e6-ad7e-4e24-b23b-a8e2a429cee3,Olamide Zaccheaus
741,a5f7785c-5426-4188-8a73-22909ed6644b,Kristian Wilkerson
742,166d75a1-8986-4f50-9574-42f19c0ff0d0,KeeSean Johnson
743,32b10f5f-81ab-4942-a058-aaebbf713448,Jeremy Sprinkle
744,fd466eb1-d1d3-4963-9621-f47f2b3c19d2,Taiwan Jones
745,6b01f873-0413-4025-ad79-853feecf0d2f,Cameron Brate
746,7c89068a-293b-47fa-a7cb-a404244ef114,Brycen Hopkins
747,b7ef94e2-8076-4879-a3d4-073041b653b7,Antonio Gandy-Golden
748,ce5892f8-7d6f-4458-a9c7-cc7c60eaa804,Jacob Harris
749,2a9f2c6a-dd12-41c6-bc2e-247eac5960c0,Trevon Wesco
750,c82a6ae3-e306-4afb-9600-06becc226388,Eric Saubert
751,02736a4e-dd8a-4358-927f-10eed5d38e09,Nick Muse
752,1f42eb4f-9035-414b-858d-29e50e8d6f5d,Geoff Swaim
753,21d76314-f6e1-4e06-bd97-9bcda3c898b6,Nate McCrary
754,70a672f9-d8f1-4722-a562-f1653cc12351,Jason Moore
755,3c92852d-4d55-405d-a91a-df6f5c8e00c1,Colby Parkinson
756,cf560b29-9b9c-4de8-8d47-1fa4c3b795f2,Baker Mayfield
757,e1152099-d071-41f6-842d-90cf1918db22,Tony Jones
758,769254a4-79e0-45a9-b73a-c84ee5cdc066,Mike Boone
759,d2401b94-0ace-4e2c-a5af-50eb8b689196,Scott Miller
760,4a250845-5657-4ada-93c8-b236cfb16f6b,Jake Funk
761,d0ab52e2-6584-4ec3-aba9-f0e4712c4e1b,Kylin Hill
762,6149e25c-b836-4dc4-aeb6-46e5b48aa24e,Trenton Cannon
763,15beef62-9069-47da-8692-a9bf3f55c120,Dwayne Washington
764,1432e69c-de5f-4e8c-9121-dd0b4b93da21,Luke Stocker
765,21c4a702-4751-43da-b0ca-bf329794c4ed,Jimmy Garoppolo
766,656c5c36-17eb-4c6b-bf33-d81af0a58a36,Jeff Driskel
767,65c2ded2-5b46-463d-ad47-9675b1bf7feb,Kyle Allen
768,25c5a544-0cdb-4d48-96c2-079e5ca1a177,Marken Michel
769,56209696-33aa-4897-b29c-579878ac8e00,Hunter Bryant
770,d2abee58-f354-4b08-a651-8171c1fabf5a,Matt Sokol
771,4f078f7a-531e-4ef0-b9ce-c4d313073656,Austin Mack
772,11f47081-2d99-49fc-86c8-17f3f22ba4df,Alex Ellis
773,d22bf9c1-1a41-4206-a97c-54e93c71a315,Mike Strachan
774,c77bc6cb-1392-41e0-ba98-c734d7ee2b37,Ross Dwelley
775,f23c3ad1-7ab7-4e7a-a707-d85d7c87ad42,Trent Sherfield
776,acaea90e-9e71-4b71-ade5-49dfb07114d2,Jeff Smith
777,6252b58e-c7e2-4ba3-9eab-adaf36c30e99,Daurice Fountain
778,1868d1de-354a-40f1-8217-197df6636701,Simi Fehoko
779,4fc44d36-7358-4b3e-8e1e-dea52b67ab81,Jalen Camp
780,,JuWann Winfree
781,5e2256cd-2893-40a6-a1d4-9a7e40faf7c3,Tyler Davis
782,ee2fd14d-0811-4024-a635-14c971a3d6c0,Marquez Stevenson
783,8452d03b-db24-404d-96b7-0573018a2649,Frank Darby
784,8fdbb341-ca6b-4c07-ac79-971a1baebb32,Isaiah Coulter
785,d54b52be-df94-4213-9a50-0fa1b4514239,Charlie Woerner
786,7604a7c0-7ad2-43e3-b239-614628ce1422,Racey McMath
787,b580150a-478c-4d8d-acf1-2b65a4fa8e95,Tanner Gentry
788,db2373b3-1c24-49fa-868f-50d191f526b9,Jaelon Darden
789,,John FitzPatrick
790,d5013daa-abf6-4171-91e9-f070d6980e93,Kenjon Barner
791,72decebe-1b36-4d3f-9177-d6643541b9b0,Nathan Peterman
792,6c0fc167-e014-46c8-a4ba-ebd89eda96e6,Feleipe Franks
793,886315ec-ed92-4520-8679-1658d9b71415,John Wolford
794,1045c047-9312-4d4e-9603-e2fa2be7ae10,Jake Fromm
795,8a92020f-f3bc-4492-8a2a-85c9af36dfd1,David Blough
796,c0aef2c7-c70d-4394-8ef3-4124bd1780ae,Logan Woodside
797,4a984133-e62b-4001-997d-06648252a185,Nate Sudfeld
798,5956c0ce-b3b0-448d-897f-8dd79145381e,Tim Boyle
799,9e9d7341-d39f-4050-a241-1393bee6389c,Taylor Heinicke
800,7241c358-9473-4d2a-9477-289ef0814e59,Sam Ehlinger
801,,P.J. Walker
802,e2f7abbc-7cff-4bc0-bc9e-a40f1cf66025,Kendall Hinton
803,49d4e911-17ff-4edf-854e-cae3810c63a6,Joshua Dobbs
804,2bdfaa7d-0b5a-4725-b1ec-d7b161f219c0,Matt Barkley
805,9091b15d-c86e-4da4-b920-fb0b97ecea58,Mike White
806,3e17429b-0cd1-4d62-acc0-ee3279438905,Kevin Hogan
807,c952dafb-3a77-4a3e-a89c-4e033d1ba0f8,Gardner Minshew
808,e20566bb-d8d1-419e-9b6a-7c21bb764293,Brett Rypien
809,f484c609-34e6-4f6c-b873-89edd75f3c0a,Tylan Wallace
810,fa024a0b-ef6a-4f04-9392-a7a3ed4f7b15,Josh Johnson
811,45ab425b-f1aa-4cda-b255-8790ee1ded8e,Josh Johnson
812,fb9b8ff0-bbe4-4272-9e17-8880942b7167,Josh Johnson
813,fa024a0b-ef6a-4f04-9392-a7a3ed4f7b15,Josh Johnson
814,45ab425b-f1aa-4cda-b255-8790ee1ded8e,Josh Johnson
815,fb9b8ff0-bbe4-4272-9e17-8880942b7167,Josh Johnson
816,fa024a0b-ef6a-4f04-9392-a7a3ed4f7b15,Josh Johnson
817,45ab425b-f1aa-4cda-b255-8790ee1ded8e,Josh Johnson
818,fb9b8ff0-bbe4-4272-9e17-8880942b7167,Josh Johnson
819,fa024a0b-ef6a-4f04-9392-a7a3ed4f7b15,Josh Johnson
820,45ab425b-f1aa-4cda-b255-8790ee1ded8e,Josh Johnson
821,fb9b8ff0-bbe4-4272-9e17-8880942b7167,Josh Johnson
822,fa024a0b-ef6a-4f04-9392-a7a3ed4f7b15,Josh Johnson
823,45ab425b-f1aa-4cda-b255-8790ee1ded8e,Josh Johnson
824,fb9b8ff0-bbe4-4272-9e17-8880942b7167,Josh Johnson
825,fa024a0b-ef6a-4f04-9392-a7a3ed4f7b15,Josh Johnson
826,45ab425b-f1aa-4cda-b255-8790ee1ded8e,Josh Johnson
827,fb9b8ff0-bbe4-4272-9e17-8880942b7167,Josh Johnson
828,fa024a0b-ef6a-4f04-9392-a7a3ed4f7b15,Josh Johnson
829,45ab425b-f1aa-4cda-b255-8790ee1ded8e,Josh Johnson
830,fb9b8ff0-bbe4-4272-9e17-8880942b7167,Josh Johnson
831,fa024a0b-ef6a-4f04-9392-a7a3ed4f7b15,Josh Johnson
832,45ab425b-f1aa-4cda-b255-8790ee1ded8e,Josh Johnson
833,fb9b8ff0-bbe4-4272-9e17-8880942b7167,Josh Johnson
834,fa024a0b-ef6a-4f04-9392-a7a3ed4f7b15,Josh Johnson
835,45ab425b-f1aa-4cda-b255-8790ee1ded8e,Josh Johnson
836,fb9b8ff0-bbe4-4272-9e17-8880942b7167,Josh Johnson
837,fa024a0b-ef6a-4f04-9392-a7a3ed4f7b15,Josh Johnson
838,45ab425b-f1aa-4cda-b255-8790ee1ded8e,Josh Johnson
839,fb9b8ff0-bbe4-4272-9e17-8880942b7167,Josh Johnson
840,fa024a0b-ef6a-4f04-9392-a7a3ed4f7b15,Josh Johnson
841,45ab425b-f1aa-4cda-b255-8790ee1ded8e,Josh Johnson
842,fb9b8ff0-bbe4-4272-9e17-8880942b7167,Josh Johnson
843,fa024a0b-ef6a-4f04-9392-a7a3ed4f7b15,Josh Johnson
844,45ab425b-f1aa-4cda-b255-8790ee1ded8e,Josh Johnson
845,fb9b8ff0-bbe4-4272-9e17-8880942b7167,Josh Johnson
846,fa024a0b-ef6a-4f04-9392-a7a3ed4f7b15,Josh Johnson
847,45ab425b-f1aa-4cda-b255-8790ee1ded8e,Josh Johnson
848,fb9b8ff0-bbe4-4272-9e17-8880942b7167,Josh Johnson
849,fa024a0b-ef6a-4f04-9392-a7a3ed4f7b15,Josh Johnson
850,45ab425b-f1aa-4cda-b255-8790ee1ded8e,Josh Johnson
851,fb9b8ff0-bbe4-4272-9e17-8880942b7167,Josh Johnson
852,fa024a0b-ef6a-4f04-9392-a7a3ed4f7b15,Josh Johnson
853,45ab425b-f1aa-4cda-b255-8790ee1ded8e,Josh Johnson
854,fb9b8ff0-bbe4-4272-9e17-8880942b7167,Josh Johnson
855,fa024a0b-ef6a-4f04-9392-a7a3ed4f7b15,Josh Johnson
856,45ab425b-f1aa-4cda-b255-8790ee1ded8e,Josh Johnson
857,fb9b8ff0-bbe4-4272-9e17-8880942b7167,Josh Johnson
858,fa024a0b-ef6a-4f04-9392-a7a3ed4f7b15,Josh Johnson
859,45ab425b-f1aa-4cda-b255-8790ee1ded8e,Josh Johnson
860,fb9b8ff0-bbe4-4272-9e17-8880942b7167,Josh Johnson
861,fa024a0b-ef6a-4f04-9392-a7a3ed4f7b15,Josh Johnson
862,45ab425b-f1aa-4cda-b255-8790ee1ded8e,Josh Johnson
863,fb9b8ff0-bbe4-4272-9e17-8880942b7167,Josh Johnson
864,fa024a0b-ef6a-4f04-9392-a7a3ed4f7b15,Josh Johnson
865,45ab425b-f1aa-4cda-b255-8790ee1ded8e,Josh Johnson
866,fb9b8ff0-bbe4-4272-9e17-8880942b7167,Josh Johnson
867,fa024a0b-ef6a-4f04-9392-a7a3ed4f7b15,Josh Johnson
868,45ab425b-f1aa-4cda-b255-8790ee1ded8e,Josh Johnson
869,fb9b8ff0-bbe4-4272-9e17-8880942b7167,Josh Johnson
870,fa024a0b-ef6a-4f04-9392-a7a3ed4f7b15,Josh Johnson
871,45ab425b-f1aa-4cda-b255-8790ee1ded8e,Josh Johnson
872,fb9b8ff0-bbe4-4272-9e17-8880942b7167,Josh Johnson
873,fa024a0b-ef6a-4f04-9392-a7a3ed4f7b15,Josh Johnson
874,45ab425b-f1aa-4cda-b255-8790ee1ded8e,Josh Johnson
875,fb9b8ff0-bbe4-4272-9e17-8880942b7167,Josh Johnson
876,fa024a0b-ef6a-4f04-9392-a7a3ed4f7b15,Josh Johnson
877,45ab425b-f1aa-4cda-b255-8790ee1ded8e,Josh Johnson
878,fb9b8ff0-bbe4-4272-9e17-8880942b7167,Josh Johnson
879,fa024a0b-ef6a-4f04-9392-a7a3ed4f7b15,Josh Johnson
880,45ab425b-f1aa-4cda-b255-8790ee1ded8e,Josh Johnson
881,fb9b8ff0-bbe4-4272-9e17-8880942b7167,Josh Johnson
882,fa024a0b-ef6a-4f04-9392-a7a3ed4f7b15,Josh Johnson
883,45ab425b-f1aa-4cda-b255-8790ee1ded8e,Josh Johnson
884,fb9b8ff0-bbe4-4272-9e17-8880942b7167,Josh Johnson
885,fa024a0b-ef6a-4f04-9392-a7a3ed4f7b15,Josh Johnson
886,45ab425b-f1aa-4cda-b255-8790ee1ded8e,Josh Johnson
887,fb9b8ff0-bbe4-4272-9e17-8880942b7167,Josh Johnson
888,fa024a0b-ef6a-4f04-9392-a7a3ed4f7b15,Josh Johnson
889,45ab425b-f1aa-4cda-b255-8790ee1ded8e,Josh Johnson
890,fb9b8ff0-bbe4-4272-9e17-8880942b7167,Josh Johnson
891,fa024a0b-ef6a-4f04-9392-a7a3ed4f7b15,Josh Johnson
892,45ab425b-f1aa-4cda-b255-8790ee1ded8e,Josh Johnson
893,fb9b8ff0-bbe4-4272-9e17-8880942b7167,Josh Johnson
894,fa024a0b-ef6a-4f04-9392-a7a3ed4f7b15,Josh Johnson
895,45ab425b-f1aa-4cda-b255-8790ee1ded8e,Josh Johnson
896,fb9b8ff0-bbe4-4272-9e17-8880942b7167,Josh Johnson
897,fa024a0b-ef6a-4f04-9392-a7a3ed4f7b15,Josh Johnson
898,45ab425b-f1aa-4cda-b255-8790ee1ded8e,Josh Johnson
899,fb9b8ff0-bbe4-4272-9e17-8880942b7167,Josh Johnson
900,fa024a0b-ef6a-4f04-9392-a7a3ed4f7b15,Josh Johnson
901,45ab425b-f1aa-4cda-b255-8790ee1ded8e,Josh Johnson
902,fb9b8ff0-bbe4-4272-9e17-8880942b7167,Josh Johnson
903,fa024a0b-ef6a-4f04-9392-a7a3ed4f7b15,Josh Johnson
904,45ab425b-f1aa-4cda-b255-8790ee1ded8e,Josh Johnson
905,fb9b8ff0-bbe4-4272-9e17-8880942b7167,Josh Johnson
906,fa024a0b-ef6a-4f04-9392-a7a3ed4f7b15,Josh Johnson
907,45ab425b-f1aa-4cda-b255-8790ee1ded8e,Josh Johnson
908,fb9b8ff0-bbe4-4272-9e17-8880942b7167,Josh Johnson
909,fa024a0b-ef6a-4f04-9392-a7a3ed4f7b15,Josh Johnson
910,45ab425b-f1aa-4cda-b255-8790ee1ded8e,Josh Johnson
911,fb9b8ff0-bbe4-4272-9e17-8880942b7167,Josh Johnson
912,fa024a0b-ef6a-4f04-9392-a7a3ed4f7b15,Josh Johnson
913,45ab425b-f1aa-4cda-b255-8790ee1ded8e,Josh Johnson
914,fb9b8ff0-bbe4-4272-9e17-8880942b7167,Josh Johnson
915,fa024a0b-ef6a-4f04-9392-a7a3ed4f7b15,Josh Johnson
916,45ab425b-f1aa-4cda-b255-8790ee1ded8e,Josh Johnson
917,fb9b8ff0-bbe4-4272-9e17-8880942b7167,Josh Johnson
918,fa024a0b-ef6a-4f04-9392-a7a3ed4f7b15,Josh Johnson
919,45ab425b-f1aa-4cda-b255-8790ee1ded8e,Josh Johnson
920,fb9b8ff0-bbe4-4272-9e17-8880942b7167,Josh Johnson
921,fa024a0b-ef6a-4f04-9392-a7a3ed4f7b15,Josh Johnson
922,45ab425b-f1aa-4cda-b255-8790ee1ded8e,Josh Johnson
923,fb9b8ff0-bbe4-4272-9e17-8880942b7167,Josh Johnson
924,fa024a0b-ef6a-4f04-9392-a7a3ed4f7b15,Josh Johnson
925,45ab425b-f1aa-4cda-b255-8790ee1ded8e,Josh Johnson
926,fb9b8ff0-bbe4-4272-9e17-8880942b7167,Josh Johnson
927,fa024a0b-ef6a-4f04-9392-a7a3ed4f7b15,Josh Johnson
928,45ab425b-f1aa-4cda-b255-8790ee1ded8e,Josh Johnson
929,fb9b8ff0-bbe4-4272-9e17-8880942b7167,Josh Johnson
930,fa024a0b-ef6a-4f04-9392-a7a3ed4f7b15,Josh Johnson
931,45ab425b-f1aa-4cda-b255-8790ee1ded8e,Josh Johnson
932,fb9b8ff0-bbe4-4272-9e17-8880942b7167,Josh Johnson
933,fa024a0b-ef6a-4f04-9392-a7a3ed4f7b15,Josh Johnson
934,45ab425b-f1aa-4cda-b255-8790ee1ded8e,Josh Johnson
935,fb9b8ff0-bbe4-4272-9e17-8880942b7167,Josh Johnson
936,fa024a0b-ef6a-4f04-9392-a7a3ed4f7b15,Josh Johnson
937,45ab425b-f1aa-4cda-b255-8790ee1ded8e,Josh Johnson
938,fb9b8ff0-bbe4-4272-9e17-8880942b7167,Josh Johnson
939,fa024a0b-ef6a-4f04-9392-a7a3ed4f7b15,Josh Johnson
940,45ab425b-f1aa-4cda-b255-8790ee1ded8e,Josh Johnson
941,fb9b8ff0-bbe4-4272-9e17-8880942b7167,Josh Johnson
942,fa024a0b-ef6a-4f04-9392-a7a3ed4f7b15,Josh Johnson
943,45ab425b-f1aa-4cda-b255-8790ee1ded8e,Josh Johnson
944,fb9b8ff0-bbe4-4272-9e17-8880942b7167,Josh Johnson
945,fa024a0b-ef6a-4f04-9392-a7a3ed4f7b15,Josh Johnson
946,45ab425b-f1aa-4cda-b255-8790ee1ded8e,Josh Johnson
947,fb9b8ff0-bbe4-4272-9e17-8880942b7167,Josh Johnson
948,fa024a0b-ef6a-4f04-9392-a7a3ed4f7b15,Josh Johnson
949,45ab425b-f1aa-4cda-b255-8790ee1ded8e,Josh Johnson
950,fb9b8ff0-bbe4-4272-9e17-8880942b7167,Josh Johnson
951,fa024a0b-ef6a-4f04-9392-a7a3ed4f7b15,Josh Johnson
952,45ab425b-f1aa-4cda-b255-8790ee1ded8e,Josh Johnson
953,fb9b8ff0-bbe4-4272-9e17-8880942b7167,Josh Johnson
954,fa024a0b-ef6a-4f04-9392-a7a3ed4f7b15,Josh Johnson
955,45ab425b-f1aa-4cda-b255-8790ee1ded8e,Josh Johnson
956,fb9b8ff0-bbe4-4272-9e17-8880942b7167,Josh Johnson
957,fa024a0b-ef6a-4f04-9392-a7a3ed4f7b15,Josh Johnson
958,45ab425b-f1aa-4cda-b255-8790ee1ded8e,Josh Johnson
959,fb9b8ff0-bbe4-4272-9e17-8880942b7167,Josh Johnson
960,fa024a0b-ef6a-4f04-9392-a7a3ed4f7b15,Josh Johnson
961,45ab425b-f1aa-4cda-b255-8790ee1ded8e,Josh Johnson
962,fb9b8ff0-bbe4-4272-9e17-8880942b7167,Josh Johnson
963,fa024a0b-ef6a-4f04-9392-a7a3ed4f7b15,Josh Johnson
964,45ab425b-f1aa-4cda-b255-8790ee1ded8e,Josh Johnson
965,fb9b8ff0-bbe4-4272-9e17-8880942b7167,Josh Johnson
966,fa024a0b-ef6a-4f04-9392-a7a3ed4f7b15,Josh Johnson
967,45ab425b-f1aa-4cda-b255-8790ee1ded8e,Josh Johnson
968,fb9b8ff0-bbe4-4272-9e17-8880942b7167,Josh Johnson
969,fa024a0b-ef6a-4f04-9392-a7a3ed4f7b15,Josh Johnson
970,45ab425b-f1aa-4cda-b255-8790ee1ded8e,Josh Johnson
971,fb9b8ff0-bbe4-4272-9e17-8880942b7167,Josh Johnson
972,fa024a0b-ef6a-4f04-9392-a7a3ed4f7b15,Josh Johnson
973,45ab425b-f1aa-4cda-b255-8790ee1ded8e,Josh Johnson
974,fb9b8ff0-bbe4-4272-9e17-8880942b7167,Josh Johnson
975,fa024a0b-ef6a-4f04-9392-a7a3ed4f7b15,Josh Johnson
976,45ab425b-f1aa-4cda-b255-8790ee1ded8e,Josh Johnson
977,fb9b8ff0-bbe4-4272-9e17-8880942b7167,Josh Johnson
978,fa024a0b-ef6a-4f04-9392-a7a3ed4f7b15,Josh Johnson
979,45ab425b-f1aa-4cda-b255-8790ee1ded8e,Josh Johnson
980,fb9b8ff0-bbe4-4272-9e17-8880942b7167,Josh Johnson
981,fa024a0b-ef6a-4f04-9392-a7a3ed4f7b15,Josh Johnson
982,45ab425b-f1aa-4cda-b255-8790ee1ded8e,Josh Johnson
983,fb9b8ff0-bbe4-4272-9e17-8880942b7167,Josh Johnson
984,fa024a0b-ef6a-4f04-9392-a7a3ed4f7b15,Josh Johnson
985,45ab425b-f1aa-4cda-b255-8790ee1ded8e,Josh Johnson
986,fb9b8ff0-bbe4-4272-9e17-8880942b7167,Josh Johnson
987,fa024a0b-ef6a-4f04-9392-a7a3ed4f7b15,Josh Johnson
988,45ab425b-f1aa-4cda-b255-8790ee1ded8e,Josh Johnson
989,fb9b8ff0-bbe4-4272-9e17-8880942b7167,Josh Johnson
990,fa024a0b-ef6a-4f04-9392-a7a3ed4f7b15,Josh Johnson
991,45ab425b-f1aa-4cda-b255-8790ee1ded8e,Josh Johnson
992,fb9b8ff0-bbe4-4272-9e17-8880942b7167,Josh Johnson
993,fa024a0b-ef6a-4f04-9392-a7a3ed4f7b15,Josh Johnson
994,45ab425b-f1aa-4cda-b255-8790ee1ded8e,Josh Johnson
995,fb9b8ff0-bbe4-4272-9e17-8880942b7167,Josh Johnson
996,fa024a0b-ef6a-4f04-9392-a7a3ed4f7b15,Josh Johnson
997,45ab425b-f1aa-4cda-b255-8790ee1ded8e,Josh Johnson
998,fb9b8ff0-bbe4-4272-9e17-8880942b7167,Josh Johnson
999,fa024a0b-ef6a-4f04-9392-a7a3ed4f7b15,Josh Johnson
1000,45ab425b-f1aa-4cda-b255-8790ee1ded8e,Josh Johnson
1001,fb9b8ff0-bbe4-4272-9e17-8880942b7167,Josh Johnson
1002,fa024a0b-ef6a-4f04-9392-a7a3ed4f7b15,Josh Johnson
1003,45ab425b-f1aa-4cda-b255-8790ee1ded8e,Josh Johnson
1004,fb9b8ff0-bbe4-4272-9e17-8880942b7167,Josh Johnson
1005,fa024a0b-ef6a-4f04-9392-a7a3ed4f7b15,Josh Johnson
1006,45ab425b-f1aa-4cda-b255-8790ee1ded8e,Josh Johnson
1007,fb9b8ff0-bbe4-4272-9e17-8880942b7167,Josh Johnson
1008,fa024a0b-ef6a-4f04-9392-a7a3ed4f7b15,Josh Johnson
1009,45ab425b-f1aa-4cda-b255-8790ee1ded8e,Josh Johnson
1010,fb9b8ff0-bbe4-4272-9e17-8880942b7167,Josh Johnson
1011,fa024a0b-ef6a-4f04-9392-a7a3ed4f7b15,Josh Johnson
1012,45ab425b-f1aa-4cda-b255-8790ee1ded8e,Josh Johnson
1013,fb9b8ff0-bbe4-4272-9e17-8880942b7167,Josh Johnson
1014,fa024a0b-ef6a-4f04-9392-a7a3ed4f7b15,Josh Johnson
1015,45ab425b-f1aa-4cda-b255-8790ee1ded8e,Josh Johnson
1016,fb9b8ff0-bbe4-4272-9e17-8880942b7167,Josh Johnson
1017,fa024a0b-ef6a-4f04-9392-a7a3ed4f7b15,Josh Johnson
1018,45ab425b-f1aa-4cda-b255-8790ee1ded8e,Josh Johnson
1019,fb9b8ff0-bbe4-4272-9e17-8880942b7167,Josh Johnson
1020,fa024a0b-ef6a-4f04-9392-a7a3ed4f7b15,Josh Johnson
1021,45ab425b-f1aa-4cda-b255-8790ee1ded8e,Josh Johnson
1022,fb9b8ff0-bbe4-4272-9e17-8880942b7167,Josh Johnson
1023,fa024a0b-ef6a-4f04-9392-a7a3ed4f7b15,Josh Johnson
1024,45ab425b-f1aa-4cda-b255-8790ee1ded8e,Josh Johnson
1025,fb9b8ff0-bbe4-4272-9e17-8880942b7167,Josh Johnson
1026,fa024a0b-ef6a-4f04-9392-a7a3ed4f7b15,Josh Johnson
1027,45ab425b-f1aa-4cda-b255-8790ee1ded8e,Josh Johnson
1028,fb9b8ff0-bbe4-4272-9e17-8880942b7167,Josh Johnson
1029,fa024a0b-ef6a-4f04-9392-a7a3ed4f7b15,Josh Johnson
1030,45ab425b-f1aa-4cda-b255-8790ee1ded8e,Josh Johnson
1031,fb9b8ff0-bbe4-4272-9e17-8880942b7167,Josh Johnson
1032,fa024a0b-ef6a-4f04-9392-a7a3ed4f7b15,Josh Johnson
1033,45ab425b-f1aa-4cda-b255-8790ee1ded8e,Josh Johnson
1034,fb9b8ff0-bbe4-4272-9e17-8880942b7167,Josh Johnson
1035,fa024a0b-ef6a-4f04-9392-a7a3ed4f7b15,Josh Johnson
1036,45ab425b-f1aa-4cda-b255-8790ee1ded8e,Josh Johnson
1037,fb9b8ff0-bbe4-4272-9e17-8880942b7167,Josh Johnson
1038,fa024a0b-ef6a-4f04-9392-a7a3ed4f7b15,Josh Johnson
1039,45ab425b-f1aa-4cda-b255-8790ee1ded8e,Josh Johnson
1040,fb9b8ff0-bbe4-4272-9e17-8880942b7167,Josh Johnson
1041,fa024a0b-ef6a-4f04-9392-a7a3ed4f7b15,Josh Johnson
1042,45ab425b-f1aa-4cda-b255-8790ee1ded8e,Josh Johnson
1043,fb9b8ff0-bbe4-4272-9e17-8880942b7167,Josh Johnson
1044,fa024a0b-ef6a-4f04-9392-a7a3ed4f7b15,Josh Johnson
1045,45ab425b-f1aa-4cda-b255-8790ee1ded8e,Josh Johnson
1046,fb9b8ff0-bbe4-4272-9e17-8880942b7167,Josh Johnson
1047,fa024a0b-ef6a-4f04-9392-a7a3ed4f7b15,Josh Johnson
1048,45ab425b-f1aa-4cda-b255-8790ee1ded8e,Josh Johnson
1049,fb9b8ff0-bbe4-4272-9e17-8880942b7167,Josh Johnson
1050,fa024a0b-ef6a-4f04-9392-a7a3ed4f7b15,Josh Johnson
1051,45ab425b-f1aa-4cda-b255-8790ee1ded8e,Josh Johnson
1052,fb9b8ff0-bbe4-4272-9e17-8880942b7167,Josh Johnson
1053,fa024a0b-ef6a-4f04-9392-a7a3ed4f7b15,Josh Johnson
1054,45ab425b-f1aa-4cda-b255-8790ee1ded8e,Josh Johnson
1055,fb9b8ff0-bbe4-4272-9e17-8880942b7167,Josh Johnson
1056,fa024a0b-ef6a-4f04-9392-a7a3ed4f7b15,Josh Johnson
1057,45ab425b-f1aa-4cda-b255-8790ee1ded8e,Josh Johnson
1058,fb9b8ff0-bbe4-4272-9e17-8880942b7167,Josh Johnson
1059,fa024a0b-ef6a-4f04-9392-a7a3ed4f7b15,Josh Johnson
1060,45ab425b-f1aa-4cda-b255-8790ee1ded8e,Josh Johnson
1061,fb9b8ff0-bbe4-4272-9e17-8880942b7167,Josh Johnson
1062,fa024a0b-ef6a-4f04-9392-a7a3ed4f7b15,Josh Johnson
1063,45ab425b-f1aa-4cda-b255-8790ee1ded8e,Josh Johnson
1064,fb9b8ff0-bbe4-4272-9e17-8880942b7167,Josh Johnson
1065,fa024a0b-ef6a-4f04-9392-a7a3ed4f7b15,Josh Johnson
1066,45ab425b-f1aa-4cda-b255-8790ee1ded8e,Josh Johnson
1067,fb9b8ff0-bbe4-4272-9e17-8880942b7167,Josh Johnson
1068,fa024a0b-ef6a-4f04-9392-a7a3ed4f7b15,Josh Johnson
1069,45ab425b-f1aa-4cda-b255-8790ee1ded8e,Josh Johnson
1070,fb9b8ff0-bbe4-4272-9e17-8880942b7167,Josh Johnson
1071,fa024a0b-ef6a-4f04-9392-a7a3ed4f7b15,Josh Johnson
1072,45ab425b-f1aa-4cda-b255-8790ee1ded8e,Josh Johnson
1073,fb9b8ff0-bbe4-4272-9e17-8880942b7167,Josh Johnson
1074,fa024a0b-ef6a-4f04-9392-a7a3ed4f7b15,Josh Johnson
1075,45ab425b-f1aa-4cda-b255-8790ee1ded8e,Josh Johnson
1076,fb9b8ff0-bbe4-4272-9e17-8880942b7167,Josh Johnson
1077,fa024a0b-ef6a-4f04-9392-a7a3ed4f7b15,Josh Johnson
1078,45ab425b-f1aa-4cda-b255-8790ee1ded8e,Josh Johnson
1079,fb9b8ff0-bbe4-4272-9e17-8880942b7167,Josh Johnson
1080,fa024a0b-ef6a-4f04-9392-a7a3ed4f7b15,Josh Johnson
1081,45ab425b-f1aa-4cda-b255-8790ee1ded8e,Josh Johnson
1082,fb9b8ff0-bbe4-4272-9e17-8880942b7167,Josh Johnson
1083,82dc55fd-d57b-4a41-89be-099834a70d46,Jacques Patrick
1084,fa024a0b-ef6a-4f04-9392-a7a3ed4f7b15,Josh Johnson
1085,45ab425b-f1aa-4cda-b255-8790ee1ded8e,Josh Johnson
1086,fb9b8ff0-bbe4-4272-9e17-8880942b7167,Josh Johnson
1087,a1a9081a-ae30-4ccf-ba05-f487cc66d664,Mekhi Sargent
1088,f34a1f70-7839-4afa-8429-82163f1c375f,Darius Bradwell
1089,dfaeab02-0578-42d5-a06c-8e11e196dd88,Khari Blasingame
1090,8c3c632b-ee27-4931-9bb3-265220035c6e,Jonathan Ward
1091,3ad2bb30-e3d7-4648-b1cc-68a24d50abb1,Scottie Phillips
1092,970844b4-a80e-4e20-9834-04ac87338dae,Ryan Nall
1093,fa024a0b-ef6a-4f04-9392-a7a3ed4f7b15,Josh Johnson
1094,45ab425b-f1aa-4cda-b255-8790ee1ded8e,Josh Johnson
1095,fb9b8ff0-bbe4-4272-9e17-8880942b7167,Josh Johnson
1096,fa024a0b-ef6a-4f04-9392-a7a3ed4f7b15,Josh Johnson
1097,45ab425b-f1aa-4cda-b255-8790ee1ded8e,Josh Johnson
1098,fb9b8ff0-bbe4-4272-9e17-8880942b7167,Josh Johnson
1099,fa024a0b-ef6a-4f04-9392-a7a3ed4f7b15,Josh Johnson
1100,45ab425b-f1aa-4cda-b255-8790ee1ded8e,Josh Johnson
1101,fb9b8ff0-bbe4-4272-9e17-8880942b7167,Josh Johnson
1102,fa024a0b-ef6a-4f04-9392-a7a3ed4f7b15,Josh Johnson
1103,45ab425b-f1aa-4cda-b255-8790ee1ded8e,Josh Johnson
1104,fb9b8ff0-bbe4-4272-9e17-8880942b7167,Josh Johnson
1105,fa024a0b-ef6a-4f04-9392-a7a3ed4f7b15,Josh Johnson
1106,45ab425b-f1aa-4cda-b255-8790ee1ded8e,Josh Johnson
1107,fb9b8ff0-bbe4-4272-9e17-8880942b7167,Josh Johnson
1108,fa024a0b-ef6a-4f04-9392-a7a3ed4f7b15,Josh Johnson
1109,45ab425b-f1aa-4cda-b255-8790ee1ded8e,Josh Johnson
1110,fb9b8ff0-bbe4-4272-9e17-8880942b7167,Josh Johnson
1111,fa024a0b-ef6a-4f04-9392-a7a3ed4f7b15,Josh Johnson
1112,45ab425b-f1aa-4cda-b255-8790ee1ded8e,Josh Johnson
1113,fb9b8ff0-bbe4-4272-9e17-8880942b7167,Josh Johnson
1114,fa024a0b-ef6a-4f04-9392-a7a3ed4f7b15,Josh Johnson
1115,45ab425b-f1aa-4cda-b255-8790ee1ded8e,Josh Johnson
1116,fb9b8ff0-bbe4-4272-9e17-8880942b7167,Josh Johnson
1117,5bff4f51-3bfa-4cda-b954-aca62db31497,JaQuan Hardy
1118,fa024a0b-ef6a-4f04-9392-a7a3ed4f7b15,Josh Johnson
1119,45ab425b-f1aa-4cda-b255-8790ee1ded8e,Josh Johnson
1120,fb9b8ff0-bbe4-4272-9e17-8880942b7167,Josh Johnson
1121,fa024a0b-ef6a-4f04-9392-a7a3ed4f7b15,Josh Johnson
1122,45ab425b-f1aa-4cda-b255-8790ee1ded8e,Josh Johnson
1123,fb9b8ff0-bbe4-4272-9e17-8880942b7167,Josh Johnson
1124,fa024a0b-ef6a-4f04-9392-a7a3ed4f7b15,Josh Johnson
1125,45ab425b-f1aa-4cda-b255-8790ee1ded8e,Josh Johnson
1126,fb9b8ff0-bbe4-4272-9e17-8880942b7167,Josh Johnson
1127,fa024a0b-ef6a-4f04-9392-a7a3ed4f7b15,Josh Johnson
1128,45ab425b-f1aa-4cda-b255-8790ee1ded8e,Josh Johnson
1129,fb9b8ff0-bbe4-4272-9e17-8880942b7167,Josh Johnson
1130,fa024a0b-ef6a-4f04-9392-a7a3ed4f7b15,Josh Johnson
1131,45ab425b-f1aa-4cda-b255-8790ee1ded8e,Josh Johnson
1132,fb9b8ff0-bbe4-4272-9e17-8880942b7167,Josh Johnson
1133,fa024a0b-ef6a-4f04-9392-a7a3ed4f7b15,Josh Johnson
1134,45ab425b-f1aa-4cda-b255-8790ee1ded8e,Josh Johnson
1135,fb9b8ff0-bbe4-4272-9e17-8880942b7167,Josh Johnson
1136,fa024a0b-ef6a-4f04-9392-a7a3ed4f7b15,Josh Johnson
1137,45ab425b-f1aa-4cda-b255-8790ee1ded8e,Josh Johnson
1138,fb9b8ff0-bbe4-4272-9e17-8880942b7167,Josh Johnson
1139,fa024a0b-ef6a-4f04-9392-a7a3ed4f7b15,Josh Johnson
1140,45ab425b-f1aa-4cda-b255-8790ee1ded8e,Josh Johnson
1141,fb9b8ff0-bbe4-4272-9e17-8880942b7167,Josh Johnson
1142,fc1c73c1-9033-49ae-bf12-1afddc789f63,Deon Jackson
1143,1a088774-d99f-47d8-adc8-c6148e640efe,Nathan Cottrell
1144,57900553-d7ff-451a-b49a-9a50fa2d377e,Reggie Bonnafon
1145,50af9588-773e-45ef-a6e9-6f2febf278b7,Trey Edmunds
1146,a0d448c7-df07-452a-b140-c6b0db9cc739,Spencer Brown
1147,46138bb5-9ef5-4885-b42b-f3e5b78d6720,Hunter Kampmoyer
1148,4da7838e-da15-4adc-af7a-7ab9b9c12aea,Brandon Powell
1149,0595bcac-9985-42c1-8240-a9e053635999,Antony Auclair
1150,f0927cde-9c06-4a49-bc13-3a82482c9a69,Jody Fortson
1151,8b529ab1-71a8-47c3-ba89-5c118d93dcbe,Isaiah Hodgins
1152,f0e4f594-12fb-4b30-bfb3-ff44a3026628,Vyncint Smith
1153,dc1369ed-1df4-4c6e-8ef1-9ac4caa7a6e2,Jake Kumerow
1154,2914e4dd-1185-46b3-a01d-22d1f07cd334,Kawaan Baker
1155,3f7b5561-c11e-4645-8b09-854589b9176e,Mike Thomas
1156,a91ace03-92c7-47e0-8f9d-31668fd50d75,Dezmon Patmon
1157,eb8720c3-e9ec-431b-b769-25f3e11e898c,Dazz Newsome
1158,985b1c00-bf77-4c5a-b550-864728dc15a1,Seth Williams
1159,80c0efe3-a947-41ab-b786-fbe460052f59,Darrell Daniels
1160,40a6b3ee-0b6f-47ce-8137-48f0c90e43b4,J.P. Holtz
1161,8b4d2804-d7c1-43b1-a855-687e52bd79ef,Tarik Black
1162,357be8ab-47fa-45f4-ad95-5922027d2295,Garrett Griffin
1163,ad82023b-db45-4f9e-be6c-8e0c908df206,Davion Davis
1164,c2e99d45-c054-459d-a264-0b67b435beb7,David Sills
1165,371e6572-3999-4214-ae42-923d5039ab74,Dillon Stoner
1166,94a99ef2-18a6-4be0-a07a-132d3b9e7060,Tony Poljan
1167,c106c413-3dff-414a-8562-88a570992171,Cody Thompson
1168,4f11678d-0176-4530-b63f-100fb0c543d7,David Wells
1169,064bfce6-9016-4abd-a58b-1a83770c6910,Malik Taylor
1170,a1ed2adc-0272-4d67-92db-fbc6d5f83f66,Aaron Fuller
1171,82392a18-d101-4a3c-94e2-17872f816aa2,Ben Ellefson
1172,276e7b97-64cc-4592-953c-36e2d86e7592,Ethan Wolf
1173,93254e4c-e934-4cfb-856a-c2ded0361ff4,DeMichael Harris
1174,652d56cf-c959-4805-995c-1089f6c55057,Kevin Rader
1175,3c576910-a43e-4c83-a779-7a82258600c9,Mitchell Wilcox
1176,0f54fc5e-c6e7-4e00-a3f1-e0cc1706c0d9,Nick Bowers
1177,ef7bba0a-1f45-43cb-aaa3-01517241a331,Alex Bachman
1178,62946adf-2a0d-4b9c-88d3-6da6e5e029cc,Noah Togiai
1179,6c9e16e5-b92b-4d66-90bf-db84f48256e9,Deon Yelder
1180,18f44bf1-4b03-45ef-8c27-e2408faf9ac8,C.J. Board
1181,6ecf0a7d-e894-4d75-85a1-f3d48cf04bf9,Codey McElroy
1182,ef13ab00-60ee-4cff-9c9a-e30ca4a15a5d,Johnny Mundt
1183,6d4ad53b-f07d-4328-8a8d-2ec780091572,Jordan Veasy
1184,53375711-0623-42cf-9765-c17492aa5b74,Matt Bushman
1185,09380057-17f4-4144-85a0-a4591fe7976b,Trenton Irwin
1186,212df75d-3f5f-4cb8-91df-9ae8886fa17b,Nsimba Webster
1187,00fd1acb-a71f-4afc-a290-c832ccbccdca,Lawrence Cager
1188,141d1a0c-a2dd-441b-9220-00180bd0cb42,Brandon Dillon
1189,f60cc5e3-085c-4790-8ba8-8912ca05e1b3,Ja'Marcus Bradley
1190,ee2297fd-0258-4356-8339-a45497844e93,Tanner Hudson
1191,1bd8942c-ef82-4f91-af27-0d7bb25d741c,Stanley Morgan
1192,c5987db8-1394-495d-892a-eb3daad9b116,River Cracraft
1193,f8010402-eb0e-4ae2-89fe-56683f7c572f,Kirk Merritt
1194,3cc81a02-085d-4292-b985-a80f17f7a1d8,Kenny Yeboah
1195,512b88c9-59de-44b1-b1e7-53c96cb0ac2c,Reggie Gilliam
1196,cfa96f21-29f6-43eb-999d-79c9280d03a7,Jack Stoll
1197,1645e166-2208-4889-9de7-793dad120dab,Ian Bunting
1198,5653dcbc-f3d6-4fbf-b85d-626357756d22,Miller Forristall
1199,201d9f0c-3426-4ecb-863d-515dd5f54ab7,Eric Tomlinson
1200,738f287a-ec1e-4cb6-9516-710b2dcf2766,Colin Thompson
1201,f6d2a249-3ce3-4f88-a518-89db01175938,Cethan Carter
1202,112775f9-a26e-4168-a3f1-8c6fb6ce1904,Cody Hollister
1203,334c5deb-7a4f-470b-b1ff-cfcb99ef6700,Jordan Franks
1204,4113e1e4-ab90-4ad1-a522-868a9f2d4cf1,Chris Myarick
1205,e16fd0ac-6df1-44fa-a65f-64b421533ce5,Kendall Blanton
1206,6fd32a5f-b5df-477c-91dc-cc0cfd09c76e,Greg Dortch
1207,bf22fac3-0229-43f2-a7bb-645470eb4151,D.J. Montgomery
