,id,0,1,Full Name,ADP
0,Tyreek Hill,0.04520297,0.954797,Tyreek Hill,21.3
1,Jonathan Taylor,0.061893642,0.93810636,Jonathan Taylor,1.1
2,Tyler Lockett,0.0630908,0.9369092,Tyler Lockett,89.5
3,Davante Adams,0.063097596,0.9369024,Davante Adams,11.4
4,Alvin Kamara,0.065588295,0.9344117,Alvin Kamara,19.7
5,Joe Mixon,0.06740105,0.93259895,Joe Mixon,11.9
6,Ja'Marr Chase,0.0683347,0.9316653,Ja'Marr Chase,5.3
7,Justin Jefferson,0.0683347,0.9316653,Justin Jefferson,4.3
8,Mark Andrews,0.07210034,0.92789966,Mark Andrews,16.3
9,Dalvin Cook,0.07279307,0.92720693,Dalvin Cook,10.4
10,Jaylen Waddle,0.074353755,0.92564625,Jaylen Waddle,35.3
11,D.K. Metcalf,0.082362175,0.9176378,D.K. Metcalf,43.4
12,Stefon Diggs,0.08488077,0.91511923,Stefon Diggs,9.4
13,Antonio Gibson,0.08530533,0.91469467,Antonio Gibson,59.9
14,Najee Harris,0.10031557,0.8996844,Najee Harris,8.1
15,Tee Higgins,0.1064685,0.8935315,Tee Higgins,25.5
16,D.J. Moore,0.12361282,0.8763872,D.J. Moore,37.2
17,CeeDee Lamb,0.13055176,0.86944824,CeeDee Lamb,14.1
18,Chris Godwin,0.1326124,0.8673876,Chris Godwin,50
19,Josh Jacobs,0.1330995,0.8669005,Josh Jacobs,61.4
20,Cooper Kupp,0.13326168,0.8667383,Cooper Kupp,2.5
21,Ezekiel Elliott,0.14724004,0.85275996,Ezekiel Elliott,40.8
22,Nick Chubb,0.15084112,0.8491589,Nick Chubb,22.5
23,Leonard Fournette,0.16743511,0.8325649,Leonard Fournette,23.8
24,Devonta Smith,0.1802895,0.8197105,Devonta Smith,74.3
25,D'Andre Swift,0.18137902,0.818621,D'Andre Swift,17.1
26,Diontae Johnson,0.18192422,0.8180758,Diontae Johnson,38.1
27,James Conner,0.18769366,0.81230634,James Conner,29.8
28,Mike Evans,0.19081765,0.80918235,Mike Evans,19.4
29,Terry McLaurin,0.20629466,0.79370534,Terry McLaurin,45.6
30,Hunter Renfrow,0.22489703,0.775103,Hunter Renfrow,85.7
31,Aaron Jones,0.22522056,0.77477944,Aaron Jones,19.7
32,Michael Pittman,0.23126858,0.7687314,Michael Pittman,33.1
33,Travis Kelce,0.24326676,0.75673324,Travis Kelce,12.9
34,Derrick Henry,0.2516967,0.7483033,Derrick Henry,6.3
35,Javonte Williams,0.26391917,0.7360808,Javonte Williams,23.4
36,Marquise Brown,0.26409042,0.7359096,Marquise Brown,39.9
37,Amari Cooper,0.2740898,0.7259102,Amari Cooper,44.3
38,A.J. Brown,0.29277617,0.70722383,A.J. Brown,25.2
39,Keenan Allen,0.30125344,0.69874656,Keenan Allen,28
40,Christian Kirk,0.31183177,0.6881682,Christian Kirk,93
41,Tyler Boyd,0.31756735,0.68243265,Tyler Boyd,114.5
42,Austin Ekeler,0.31801307,0.6819869,Austin Ekeler,6.9
43,Dalton Schultz,0.3284076,0.6715924,Dalton Schultz,77.1
44,Deebo Samuel,0.342129,0.657871,Deebo Samuel,17.5
45,Kenneth Walker,0.3900242,0.6099758,Kenneth Walker,85.7
46,Kenneth Walker,0.3900242,0.6099758,Kenneth Walker,-
47,David Montgomery,0.3909756,0.6090244,David Montgomery,47.9
48,Darnell Mooney,0.3917132,0.6082868,Darnell Mooney,64.3
49,Mike Williams,0.4003914,0.5996086,Mike Williams,34.8
50,Elijah Mitchell,0.42187274,0.57812726,Elijah Mitchell,66.8
51,Ronnie Brown,0.45194477,0.54805523,Ronnie Brown,-
52,Devin Singletary,0.47342688,0.5265731,Devin Singletary,104.6
53,Dallas Goedert,0.47994107,0.52005893,Dallas Goedert,93.6
54,Elijah Moore,0.48522043,0.51477957,Elijah Moore,-
55,Michael Thomas,0.48669308,0.5133069,Michael Thomas,61
56,Kyle Pitts,0.50225174,0.49774826,Kyle Pitts,31.5
57,Breece Hall,0.50394535,0.49605468,Breece Hall,45.8
58,Michael Carter,0.50422645,0.49577358,Michael Carter,138.2
59,Travis Etienne,0.50501513,0.49498484,Travis Etienne,55
60,Jameson Williams,0.50564164,0.49435836,Jameson Williams,115.5
61,Pat Freiermuth,0.51557326,0.48442677,Pat Freiermuth,121.8
62,Chase Claypool,0.5395825,0.4604175,Chase Claypool,109.9
63,Sony Michel,0.54349697,0.456503,Sony Michel,205.1
64,Noah Fant,0.5527945,0.44720548,Noah Fant,166.2
65,Christian McCaffrey,0.553595,0.446405,Christian McCaffrey,3.2
66,J.K. Dobbins,0.5557541,0.44424587,J.K. Dobbins,51.8
67,Laviska Shenault,0.55689526,0.44310477,Laviska Shenault,200.6
68,Brandon Aiyuk,0.57421577,0.42578426,Brandon Aiyuk,83.4
69,Amon-Ra St. Brown,0.59208286,0.40791717,Amon-Ra St. Brown,71.8
70,James Cook,0.59969074,0.40030926,James Cook,105.1
71,Damien Harris,0.60069835,0.39930165,Damien Harris,91.5
72,Darrel Williams,0.6038281,0.3961719,Darrel Williams,204.1
73,George Kittle,0.61454177,0.38545826,George Kittle,46.6
74,T.J. Hockenson,0.64393866,0.35606137,T.J. Hockenson,79.1
75,Skyy Moore,0.64516526,0.35483474,Skyy Moore,82.7
76,Miles Sanders,0.64596444,0.35403556,Miles Sanders,78.2
77,Reggie Bush,0.64784575,0.35215425,Reggie Bush,-
78,Brandin Cooks,0.66381794,0.33618206,Brandin Cooks,62.1
79,John Metchie,0.6651502,0.33484977,John Metchie,187.7
80,A.J. Dillon,0.67486405,0.32513598,A.J. Dillon,72.1
81,Tony Pollard,0.68251675,0.31748325,Tony Pollard,89.1
82,Mike Gesicki,0.688758,0.31124195,Mike Gesicki,125.7
83,Mecole Hardman,0.69220495,0.30779508,Mecole Hardman,127.6
84,Clyde Edwards-Helaire,0.707739,0.29226097,Clyde Edwards-Helaire,80.9
85,Russell Gage,0.7100023,0.28999767,Russell Gage,95.5
86,Saquon Barkley,0.7114135,0.28858647,Saquon Barkley,26.8
87,Josh Palmer,0.73283416,0.26716584,Josh Palmer,168.7
88,Chuba Hubbard,0.74180394,0.25819606,Chuba Hubbard,213.1
89,Calvin Ridley,0.74190414,0.25809586,Calvin Ridley,215.6
90,James Robinson,0.7420262,0.25797382,James Robinson,151.8
91,Hunter Henry,0.7463962,0.25360382,Hunter Henry,148.9
92,Garrett Wilson,0.7474605,0.25253955,Garrett Wilson,96.7
93,Chris Olave,0.74994504,0.25005496,Chris Olave,95.9
94,DeAndre Hopkins,0.7523974,0.24760255,DeAndre Hopkins,75.2
95,Corey Davis,0.7541664,0.24583359,Corey Davis,159.5
96,Zack Moss,0.7557517,0.2442483,Zack Moss,215.6
97,Robert Woods,0.75836563,0.24163437,Robert Woods,105.3
98,Courtland Sutton,0.76240396,0.23759605,Courtland Sutton,51.2
99,Tyquan Thornton,0.7633287,0.23667136,Tyquan Thornton,214.3
100,Trent Richardson,0.7633498,0.23665026,Trent Richardson,-
101,George Pickens,0.7696494,0.23035058,George Pickens,150.7
102,Wan'Dale Robinson,0.7696494,0.23035058,Wan'Dale Robinson,193.5
103,Van Jefferson,0.7708032,0.22919677,Van Jefferson,148.6
104,Cole Kmet,0.77734387,0.2226561,Cole Kmet,146.1
105,Maurice Jones-Drew,0.78025997,0.21974,Maurice Jones-Drew,-
106,Dawson Knox,0.784475,0.21552496,Dawson Knox,98.3
107,Ronald Jones,0.78490657,0.21509342,Ronald Jones,125.9
108,Drake London,0.7875991,0.21240088,Drake London,69.9
109,Chase Edmonds,0.79281336,0.20718665,Chase Edmonds,106.1
110,Rondale Moore,0.79656273,0.20343728,Rondale Moore,119
111,Cordarrelle Patterson,0.80756557,0.1924344,Cordarrelle Patterson,84.6
112,Julius Chestnut,0.80812705,0.19187294,Julius Chestnut,-
113,Austin Hooper,0.814583,0.185417,Austin Hooper,201.2
114,Christian Watson,0.81472725,0.18527274,Christian Watson,101.1
115,Tre Mason,0.81692827,0.18307176,Tre Mason,-
116,Tyrion Davis-Price,0.81843084,0.18156914,Tyrion Davis-Price,171.8
117,Alec Pierce,0.8235252,0.1764748,Alec Pierce,162
118,K.J. Osborn,0.82505095,0.17494905,K.J. Osborn,156.1
119,Treylon Burks,0.8300819,0.1699181,Treylon Burks,71.8
120,Jahan Dotson,0.8300819,0.1699181,Jahan Dotson,144.9
121,Kendrick Bourne,0.83193827,0.16806173,Kendrick Bourne,198.2
122,Kareem Hunt,0.8322742,0.1677258,Kareem Hunt,96.6
123,Jerry Jeudy,0.83281493,0.1671851,Jerry Jeudy,48.4
124,Evan Engram,0.8347473,0.16525272,Evan Engram,188.2
125,Knowshon Moreno,0.8377827,0.16221732,Knowshon Moreno,-
126,Rashaad Penny,0.8394496,0.16055042,Rashaad Penny,115.8
127,Terrace Marshall,0.8401243,0.15987568,Terrace Marshall,118.4
128,Jamaal Williams,0.84236956,0.15763043,Jamaal Williams,180
129,Melvin Gordon,0.8423981,0.1576019,Melvin Gordon,109.7
130,Kenyan Drake,0.8434868,0.15651324,Kenyan Drake,211.8
131,Alexander Mattison,0.84483755,0.15516248,Alexander Mattison,124.7
132,Myles Gaskin,0.8454533,0.15454668,Myles Gaskin,215.7
133,Bishop Sankey,0.85011995,0.14988007,Bishop Sankey,-
134,Michael Gallup,0.85117745,0.14882258,Michael Gallup,108.3
135,Calvin Johnson,0.8525106,0.14748943,Calvin Johnson,-
136,Trey Sermon,0.8541722,0.1458278,Trey Sermon,214.6
137,James Washington,0.86120534,0.13879463,James Washington,206.2
138,Isaiah Pead,0.8653679,0.13463208,Isaiah Pead,-
139,LaMichael James,0.8653679,0.13463208,LaMichael James,-
140,D'Onta Foreman,0.86901367,0.13098635,D'Onta Foreman,200.6
141,Tyler Conklin,0.87088543,0.12911455,Tyler Conklin,215.5
142,Zay Jones,0.8723387,0.1276613,Zay Jones,213.7
143,Darren Waller,0.8733078,0.12669216,Darren Waller,42
144,Brian Robinson,0.8797895,0.12021056,Brian Robinson,187.4
145,Rachaad White,0.8797895,0.12021056,Rachaad White,130.8
146,Bryan Edwards,0.8819812,0.1180188,Bryan Edwards,208.3
147,Marquez Callaway,0.88238215,0.11761785,Marquez Callaway,215
148,JuJu Smith-Schuster,0.88532495,0.11467507,JuJu Smith-Schuster,56.2
149,Darren McFadden,0.88677275,0.11322727,Darren McFadden,-
150,Tyler Higbee,0.88885725,0.11114277,Tyler Higbee,157.7
151,Larry Fitzgerald,0.8908689,0.10913108,Larry Fitzgerald,215.9
152,Dyami Brown,0.8928273,0.10717271,Dyami Brown,215.9
153,Andre Johnson,0.89308083,0.10691917,Andre Johnson,-
154,Shonn Greene,0.89321893,0.106781065,Shonn Greene,-
155,Dri Archer,0.8935517,0.10644831,Dri Archer,-
156,Duke Johnson,0.89361954,0.10638048,Duke Johnson,216
157,Allen Lazard,0.8944104,0.10558965,Allen Lazard,102.7
158,Todd Gurley,0.8954315,0.1045685,Todd Gurley,216
159,Devin Smith,0.89919484,0.10080518,Devin Smith,215.9
160,Jakobi Meyers,0.9012785,0.098721474,Jakobi Meyers,136.9
161,Jeremy Hill,0.9044274,0.09557259,Jeremy Hill,-
162,Rashod Bateman,0.9053321,0.09466789,Rashod Bateman,60.1
163,Sterling Shepard,0.90870667,0.091293335,Sterling Shepard,210.4
164,David Johnson,0.9096714,0.09032857,David Johnson,216
165,Trey McBride,0.9096936,0.09030641,Trey McBride,213.3
166,Jalen Reagor,0.90970856,0.09029143,Jalen Reagor,215.9
167,DeVante Parker,0.90978116,0.09021882,DeVante Parker,133.7
168,Dorial Green-Beckham,0.91017175,0.08982826,Dorial Green-Beckham,-
169,Rhamondre Stevenson,0.9127744,0.087225616,Rhamondre Stevenson,123.5
170,D.J. Chark,0.9141139,0.08588611,D.J. Chark,151.4
171,Sammy Watkins,0.9142546,0.0857454,Sammy Watkins,175.1
172,D'Wayne Eskridge,0.92008495,0.07991502,D'Wayne Eskridge,216
173,Devontae Booker,0.9215868,0.07841318,Devontae Booker,216
174,Jerome Simpson,0.92291635,0.07708367,Jerome Simpson,-
175,Nelson Agholor,0.9235381,0.076461926,Nelson Agholor,215.8
176,Darrell Henderson,0.9243034,0.075696595,Darrell Henderson,147.4
177,Ahmad Bradshaw,0.9268923,0.07310772,Ahmad Bradshaw,-
178,Julio Jones,0.9274112,0.07258878,Julio Jones,195.6
179,Matt Forte,0.9275316,0.072468415,Matt Forte,-
180,Ty Montgomery,0.9292603,0.07073968,Ty Montgomery,215.9
181,Curtis Samuel,0.930419,0.06958096,Curtis Samuel,183.7
182,T.J. Yeldon,0.93072116,0.06927881,T.J. Yeldon,-
183,Nyheim Hines,0.930811,0.069189034,Nyheim Hines,153.1
184,Matt Jones,0.93106604,0.06893397,Matt Jones,-
185,Ameer Abdullah,0.93254817,0.067451805,Ameer Abdullah,216
186,Bernard Pierce,0.93264496,0.06735503,Bernard Pierce,-
187,Allen Robinson,0.93500805,0.06499198,Allen Robinson,52.8
188,David Njoku,0.93555886,0.06444113,David Njoku,159.9
189,Ke'Shawn Vaughn,0.9360867,0.06391331,Ke'Shawn Vaughn,215.8
190,Santana Moss,0.93698055,0.06301945,Santana Moss,-
191,Boston Scott,0.9370114,0.06298858,Boston Scott,215.6
192,Jonnu Smith,0.9375931,0.0624069,Jonnu Smith,214.8
193,Terrance West,0.9379699,0.062030092,Terrance West,-
194,Derrius Guice,0.9382993,0.061700713,Derrius Guice,216
195,Daniel Thomas,0.93874234,0.061257657,Daniel Thomas,-
196,Giovani Bernard,0.9391377,0.06086233,Giovani Bernard,215.9
197,Jordan Howard,0.93982744,0.060172576,Jordan Howard,216
198,Jarvis Landry,0.940417,0.059583,Jarvis Landry,137.4
199,Gabriel Davis,0.94150233,0.058497675,Gabriel Davis,55
200,Joique Bell,0.9417714,0.058228582,Joique Bell,-
201,Chris Conley,0.94192374,0.058076233,Chris Conley,216
202,Tutu Atwell,0.94270605,0.057293925,Tutu Atwell,215.8
203,C.J. Prosise,0.9436774,0.056322582,C.J. Prosise,-
204,Anthony Miller,0.9440354,0.055964593,Anthony Miller,215.9
205,Montee Ball,0.9440429,0.055957083,Montee Ball,-
206,Keelan Cole,0.9441191,0.055880886,Keelan Cole,216
207,Royce Freeman,0.94421554,0.055784453,Royce Freeman,216
208,Wes Hills,0.9443485,0.055651482,Wes Hills,-
209,Santonio Holmes,0.9443538,0.055646155,Santonio Holmes,-
210,A.J. Jenkins,0.9443538,0.055646155,A.J. Jenkins,-
211,Aaron Dobson,0.94476753,0.055232443,Aaron Dobson,-
212,Demaryius Thomas,0.94598335,0.054016624,Demaryius Thomas,-
213,Shane Vereen,0.9469167,0.053083297,Shane Vereen,-
214,Doug Martin,0.9469167,0.053083297,Doug Martin,-
215,Jalen Tolbert,0.9469201,0.053079877,Jalen Tolbert,157.9
216,Frank Gore,0.947031,0.05296896,Frank Gore,215.9
217,Le'Veon Bell,0.9474985,0.05250151,Le'Veon Bell,207.4
218,Knile Davis,0.9491345,0.05086549,Knile Davis,-
219,Jason Witten,0.949261,0.050739013,Jason Witten,417
220,Brandon Pettigrew,0.9495168,0.050483212,Brandon Pettigrew,-
221,Kenneth Gainwell,0.9510233,0.048976697,Kenneth Gainwell,160.1
222,Jeremy Ruckert,0.951174,0.048825964,Jeremy Ruckert,216
223,Rob Housler,0.9517558,0.04824416,Rob Housler,-
224,ArDarius Stewart,0.95245427,0.047545712,ArDarius Stewart,-
225,Greg Dulcich,0.95335424,0.046645734,Greg Dulcich,215.7
226,Reggie Wayne,0.9536765,0.0463235,Reggie Wayne,-
227,Roddy White,0.9549572,0.045042835,Roddy White,-
228,Anquan Boldin,0.9549572,0.045042835,Anquan Boldin,-
229,Jordy Nelson,0.9549572,0.045042835,Jordy Nelson,-
230,Tarik Cohen,0.955274,0.044726025,Tarik Cohen,216
231,Robby Anderson,0.9557718,0.044228178,Robby Anderson,177
232,Kenny Golladay,0.95590377,0.04409622,Kenny Golladay,123.9
233,Kadarius Toney,0.95647883,0.04352118,Kadarius Toney,111
234,Jamison Crowder,0.9567304,0.043269586,Jamison Crowder,139.3
235,DeAngelo Williams,0.95702267,0.042977348,DeAngelo Williams,-
236,Robert Meachem,0.9573111,0.0426889,Robert Meachem,-
237,Kalif Raymond,0.9576551,0.04234491,Kalif Raymond,215.8
238,Adam Thielen,0.95783085,0.04216915,Adam Thielen,76.7
239,Christine Michael,0.9580065,0.041993488,Christine Michael,-
240,Toby Gerhart,0.95833737,0.041662656,Toby Gerhart,-
241,Donald Brown,0.95833737,0.041662656,Donald Brown,-
242,Fred Jackson,0.9583391,0.041660916,Fred Jackson,-
243,Mike Davis,0.9584001,0.041599944,Mike Davis,216
244,Mike Davis,0.9584001,0.041599944,Mike Davis,-
245,Mike Davis,0.9876011,0.012398904,Mike Davis,216
246,Mike Davis,0.9876011,0.012398904,Mike Davis,-
247,Chris Carson,0.95855665,0.041443318,Chris Carson,215.7
248,Tavon Austin,0.9586367,0.041363318,Tavon Austin,-
249,Marvin Jones,0.95872855,0.041271433,Marvin Jones,178.4
250,Gerald Everett,0.9593909,0.04060914,Gerald Everett,171.8
251,Greg Little,0.9601145,0.039885543,Greg Little,-
252,Bobby Rainey,0.9607751,0.039224915,Bobby Rainey,-
253,Chad Hansen,0.9607774,0.039222572,Chad Hansen,216
254,Velus Jones,0.96091545,0.039084557,Velus Jones,212.9
255,Tyler Kroft,0.96101654,0.038983475,Tyler Kroft,216
256,Anthony Schwartz,0.9613827,0.038617294,Anthony Schwartz,215.8
257,Wayne Gallman,0.9614446,0.038555358,Wayne Gallman,193.7
258,Arrelious Benn,0.96174455,0.038255453,Arrelious Benn,-
259,Kerryon Johnson,0.96181065,0.03818935,Kerryon Johnson,216
260,James Jones,0.96200264,0.037997384,James Jones,-
261,Charles Sims,0.9622822,0.03771782,Charles Sims,-
262,Jared Cook,0.96301675,0.03698325,Jared Cook,215.4
263,Leonte Carroo,0.9633956,0.036604393,Leonte Carroo,-
264,Dante Pettis,0.96349674,0.03650326,Dante Pettis,216
265,Golden Tate,0.96352667,0.036473326,Golden Tate,216
266,Donnie Avery,0.9639343,0.036065727,Donnie Avery,-
267,Duke Williams,0.96455675,0.035443246,Duke Williams,866
268,Zach Miller,0.9645595,0.035440523,Zach Miller,-
269,Zach Miller,0.9645595,0.035440523,Zach Miller,-
270,Zach Miller,0.9879424,0.012057619,Zach Miller,-
271,Zach Miller,0.9879424,0.012057619,Zach Miller,-
272,Benny Snell,0.96467716,0.03532286,Benny Snell,216
273,Will Fuller,0.96495926,0.03504075,Will Fuller,166.3
274,Auden Tate,0.96511513,0.03488487,Auden Tate,215.9
275,Jamaal Charles,0.9652288,0.034771215,Jamaal Charles,-
276,Devin Funchess,0.9654254,0.034574628,Devin Funchess,216
277,Robert Tonyan,0.9660826,0.03391743,Robert Tonyan,133.2
278,Ronnie Hillman,0.966264,0.033735987,Ronnie Hillman,-
279,John Ross,0.9667474,0.033252604,John Ross,216
280,Clive Walford,0.96674913,0.033250894,Clive Walford,678
281,Greg Jennings,0.9668395,0.033160515,Greg Jennings,-
282,Tevin Coleman,0.9673625,0.03263748,Tevin Coleman,170.3
283,Antonio Brown,0.9677454,0.032254603,Antonio Brown,215.4
284,C.J. Fiedorowicz,0.96804225,0.031957764,C.J. Fiedorowicz,-
285,Ty Johnson,0.96832657,0.031673446,Ty Johnson,175.7
286,Tommy Tremble,0.96881026,0.03118972,Tommy Tremble,215.9
287,Dexter McCluster,0.96894175,0.03105828,Dexter McCluster,-
288,Kenny Britt,0.9690219,0.030978072,Kenny Britt,-
289,Danny Gray,0.9693538,0.030646231,Danny Gray,215
290,K.J. Hamler,0.9693986,0.030601373,K.J. Hamler,176.2
291,Steven Jackson,0.9696286,0.0303714,Steven Jackson,-
292,Ryan Broyles,0.9701044,0.02989559,Ryan Broyles,-
293,John Carlson,0.9701414,0.029858572,John Carlson,-
294,Kelvin Benjamin,0.9702806,0.02971943,Kelvin Benjamin,-
295,Justice Hill,0.97030926,0.029690744,Justice Hill,215.7
296,David Bell,0.97038573,0.029614288,David Bell,152.3
297,Devin Duvernay,0.9706946,0.029305393,Devin Duvernay,207
298,Troy Niklas,0.9711336,0.028866408,Troy Niklas,-
299,Raheem Mostert,0.97127295,0.028727068,Raheem Mostert,172
300,Ben Tate,0.9714844,0.028515572,Ben Tate,-
301,Cam Akers,0.971526,0.028473979,Cam Akers,36.9
302,Hayden Hurst,0.9724933,0.027506694,Hayden Hurst,184.1
303,Braxton Berrios,0.97250855,0.027491463,Braxton Berrios,215.7
304,Chris Johnson,0.9725766,0.027423384,Chris Johnson,-
305,Cole Beasley,0.97264296,0.02735707,Cole Beasley,215.1
306,Jelani Woods,0.97270393,0.027296044,Jelani Woods,215.1
307,Heath Miller,0.97276497,0.027235005,Heath Miller,-
308,Jequez Ezzard,0.9727661,0.027233917,Jequez Ezzard,-
309,DeVier Posey,0.972853,0.027146984,DeVier Posey,-
310,Danny Woodhead,0.97289187,0.027108122,Danny Woodhead,-
311,Darrynton Evans,0.9730582,0.026941765,Darrynton Evans,214.4
312,Quez Watkins,0.97315526,0.026844718,Quez Watkins,215.5
313,Marlon Mack,0.9739585,0.026041498,Marlon Mack,186.8
314,Adam Trautman,0.9744354,0.025564585,Adam Trautman,215.8
315,Irv Smith,0.974509,0.025491023,Irv Smith,140.9
316,C.J. Spiller,0.974511,0.025489002,C.J. Spiller,-
317,Jalen Guyton,0.9748573,0.025142755,Jalen Guyton,215.2
318,Ryquell Armstead,0.97517955,0.02482046,Ryquell Armstead,216
319,Lynn Bowden,0.9752111,0.024788942,Lynn Bowden,216
320,Mark Ingram,0.9752375,0.024762519,Mark Ingram,210.9
321,Dameon Pierce,0.9753488,0.024651254,Dameon Pierce,120.4
322,Pierre Strong,0.9753488,0.024651254,Pierre Strong,215.6
323,Hassan Haskins,0.9753488,0.024651254,Hassan Haskins,201
324,Zamir White,0.9753488,0.024651254,Zamir White,207.4
325,Snoop Conner,0.97549385,0.02450615,Snoop Conner,215.6
326,Chris Herndon,0.9755681,0.02443189,Chris Herndon,216
327,Justin Hunter,0.9757142,0.024285778,Justin Hunter,-
328,DeeJay Dallas,0.97583634,0.024163682,DeeJay Dallas,216
329,Isaiah Spiller,0.97586274,0.024137283,Isaiah Spiller,134.9
330,Zach Zenner,0.9760726,0.023927415,Zach Zenner,-
331,Darius Slayton,0.97615916,0.023840833,Darius Slayton,215.8
332,Dwayne Allen,0.976187,0.023813017,Dwayne Allen,-
333,Rueben Randle,0.9762073,0.023792662,Rueben Randle,-
334,Jonathan Stewart,0.9764009,0.023599107,Jonathan Stewart,-
335,Ryan Mathews,0.9764009,0.023599107,Ryan Mathews,-
336,C.J. Uzomah,0.9766758,0.023324186,C.J. Uzomah,209.6
337,Marqise Lee,0.97677934,0.023220658,Marqise Lee,216
338,Braxton Miller,0.9772805,0.022719488,Braxton Miller,-
339,Raymond Calais,0.97728115,0.022718875,Raymond Calais,216
340,Jace Amaro,0.97731715,0.022682874,Jace Amaro,-
341,Alfred Morris,0.9774338,0.022566171,Alfred Morris,216
342,Corey Coleman,0.9774879,0.022512106,Corey Coleman,873
343,Ted Ginn,0.97751415,0.022485832,Ted Ginn,566
344,Zach Pascal,0.9775632,0.02243677,Zach Pascal,216
345,Stevan Ridley,0.97758466,0.022415323,Stevan Ridley,-
346,Josh Oliver,0.9776007,0.022399284,Josh Oliver,216
347,Jerrion Ealy,0.9776856,0.022314427,Jerrion Ealy,239.7
348,Tyler Goodson,0.9776856,0.022314427,Tyler Goodson,-
349,Zonovan Knight,0.9776856,0.022314427,Zonovan Knight,239.8
350,Sincere McCormick,0.9776856,0.022314427,Sincere McCormick,216
351,Zach Ertz,0.97778213,0.022217859,Zach Ertz,109.8
352,Carlos Hyde,0.9778908,0.022109196,Carlos Hyde,208.8
353,Jay Ajayi,0.9782244,0.02177562,Jay Ajayi,-
354,Vance McDonald,0.9782519,0.02174813,Vance McDonald,215.9
355,Dwayne Bowe,0.97825885,0.021741131,Dwayne Bowe,-
356,Tajae Sharpe,0.9783294,0.021670582,Tajae Sharpe,216
357,Joshua Kelley,0.9791013,0.020898705,Joshua Kelley,216
358,Breshad Perriman,0.9791174,0.020882603,Breshad Perriman,216
359,Cody Latimer,0.9793603,0.020639708,Cody Latimer,948
360,Junior Hemingway,0.9794301,0.020569943,Junior Hemingway,-
361,Eddie Lacy,0.97951263,0.020487377,Eddie Lacy,-
362,Josiah Deguara,0.9798553,0.020144703,Josiah Deguara,216
363,Jashaun Corbin,0.97988254,0.020117458,Jashaun Corbin,216
364,Austin Pettis,0.9798974,0.020102616,Austin Pettis,-
365,Marquez Valdes-Scantling,0.9799397,0.020060325,Marquez Valdes-Scantling,105.3
366,Courtney Roby,0.97994417,0.020055842,Courtney Roby,-
367,Henry Ruggs,0.9799974,0.020002633,Henry Ruggs,122.4
368,LeSean McCoy,0.98010904,0.019890979,LeSean McCoy,216
369,Seth Devalve,0.9801704,0.019829545,Seth Devalve,216
370,Noah Gray,0.98017716,0.019822855,Noah Gray,216
371,Isaiah Crowell,0.9802168,0.019783193,Isaiah Crowell,-
372,Zander Horvath,0.9802853,0.019714722,Zander Horvath,-
373,Laquon Treadwell,0.9803373,0.019662667,Laquon Treadwell,216
374,Eric Ebron,0.9803384,0.01966158,Eric Ebron,203.5
375,Jeremy Maclin,0.9803401,0.019659888,Jeremy Maclin,-
376,Donovan Peoples-Jones,0.9804529,0.019547082,Donovan Peoples-Jones,184.5
377,Kahale Warring,0.9806208,0.019379225,Kahale Warring,216
378,Josh Gordon,0.98064816,0.01935185,Josh Gordon,215.7
379,Torrey Smith,0.9806704,0.0193296,Torrey Smith,-
380,Samaje Perine,0.9807375,0.019262483,Samaje Perine,214.4
381,Amari Rodgers,0.9809686,0.019031407,Amari Rodgers,213.8
382,Emmanuel Sanders,0.98100156,0.018998418,Emmanuel Sanders,215.6
383,D'Ernest Johnson,0.9811802,0.01881979,D'Ernest Johnson,212.7
384,Taywan Taylor,0.9813404,0.018659577,Taywan Taylor,952
385,Josh Huff,0.9813774,0.01862259,Josh Huff,-
386,Terrell Watson,0.98146075,0.018539231,Terrell Watson,-
387,Wendell Smallwood,0.9815593,0.018440714,Wendell Smallwood,216
388,David Cobb,0.98177373,0.018226283,David Cobb,-
389,Tony Moeaki,0.9818529,0.018147131,Tony Moeaki,-
390,Andre Williams,0.98208445,0.017915566,Andre Williams,216
391,Brendan Langley,0.9822596,0.017740412,Brendan Langley,-
392,Gus Edwards,0.98249865,0.017501365,Gus Edwards,167.1
393,Coby Fleener,0.982616,0.01738397,Coby Fleener,-
394,Nico Collins,0.98264056,0.017359463,Nico Collins,203.4
395,Kyle Juszczyk,0.98271495,0.017285071,Kyle Juszczyk,216
396,Chase Coffman,0.9828036,0.017196443,Chase Coffman,-
397,J.D. McKissic,0.9828552,0.017144812,J.D. McKissic,188.8
398,T.Y. Hilton,0.98287827,0.017121712,T.Y. Hilton,215.9
399,Vernon Davis,0.9829711,0.017028939,Vernon Davis,-
400,Sammie Coates,0.98301667,0.01698332,Sammie Coates,-
401,Josh Doctson,0.9830772,0.016922764,Josh Doctson,763
402,Brandon Bolden,0.9830891,0.016910894,Brandon Bolden,216
403,Tyler Badie,0.9831959,0.01680412,Tyler Badie,215.8
404,Danny Amendola,0.98350066,0.016499337,Danny Amendola,216
405,Chig Okonkwo,0.98356456,0.016435469,Chig Okonkwo,-
406,Kendall Wright,0.9840943,0.015905682,Kendall Wright,-
407,Paul Richardson,0.9840944,0.015905607,Paul Richardson,956
408,Jonathan Grimes,0.9842637,0.015736282,Jonathan Grimes,-
409,Dalton Keene,0.98428005,0.015719946,Dalton Keene,216
410,Michael Floyd,0.9843654,0.015634576,Michael Floyd,-
411,Nick Westbrook-Ikhine,0.9843998,0.01560018,Nick Westbrook-Ikhine,214.8
412,Vincent Brown,0.9844978,0.015502237,Vincent Brown,-
413,Donte Moncrief,0.9845974,0.015402633,Donte Moncrief,216
414,Paul Perkins,0.98461413,0.015385879,Paul Perkins,-
415,Chris Evans,0.98461413,0.015385879,Chris Evans,214.7
416,Dez Bryant,0.98467326,0.015326756,Dez Bryant,216
417,Tre'Quan Smith,0.9847517,0.015248299,Tre'Quan Smith,216
418,Nate Washington,0.9847822,0.015217757,Nate Washington,-
419,Jordan Todman,0.9847881,0.015211897,Jordan Todman,-
420,Percy Harvin,0.98487204,0.015127944,Percy Harvin,-
421,A.J. Green,0.9849924,0.015007612,A.J. Green,189.7
422,Michael Crabtree,0.9851495,0.014850473,Michael Crabtree,-
423,Austin Seferian-Jenkins,0.98516995,0.01483004,Austin Seferian-Jenkins,-
424,Leonard Hankerson,0.9851765,0.014823514,Leonard Hankerson,-
425,Jeff Heuerman,0.98523384,0.0147661725,Jeff Heuerman,920
426,Mark Walton,0.98527646,0.014723543,Mark Walton,-
427,Ka'Deem Carey,0.98527646,0.014723543,Ka'Deem Carey,-
428,Kevin Harris,0.9852844,0.014715617,Kevin Harris,216
429,Ito Smith,0.9852998,0.014700146,Ito Smith,-
430,Kalen Ballage,0.9852998,0.014700146,Kalen Ballage,216
431,Lance Kendricks,0.98545235,0.0145476675,Lance Kendricks,-
432,Jerrel Jernigan,0.98556703,0.01443295,Jerrel Jernigan,-
433,Jalen Wydermyer,0.98561615,0.014383871,Jalen Wydermyer,216
434,Lorenzo Taliaferro,0.9857432,0.014256748,Lorenzo Taliaferro,-
435,Latavius Murray,0.98604673,0.013953243,Latavius Murray,216
436,Eddie Royal,0.98612857,0.013871421,Eddie Royal,-
437,Antonio Andrews,0.9862216,0.013778391,Antonio Andrews,-
438,Eno Benjamin,0.9864662,0.013533797,Eno Benjamin,215.3
439,Karlos Williams,0.98648864,0.013511331,Karlos Williams,-
440,Andy Isabella,0.9865506,0.013449376,Andy Isabella,216
441,Dai'Jean Dixon,0.9865721,0.013427933,Dai'Jean Dixon,239.8
442,Vincent Jackson,0.986632,0.0133679835,Vincent Jackson,-
443,Tim Patrick,0.9866649,0.013335101,Tim Patrick,129.1
444,Kyren Williams,0.98674333,0.013256642,Kyren Williams,215.2
445,Jermaine Gresham,0.98674583,0.013254185,Jermaine Gresham,-
446,Taysom Hill,0.9868,0.013199982,Taysom Hill,187
447,Ian Thomas,0.98690885,0.013091154,Ian Thomas,216
448,Mack Hollins,0.98690885,0.013091154,Mack Hollins,215.9
449,Chris Moore,0.98690885,0.013091154,Chris Moore,725
450,Harrison Bryant,0.98690885,0.013091154,Harrison Bryant,215.5
451,Ryan Switzer,0.98690885,0.013091154,Ryan Switzer,216
452,Devon Williams,0.98704267,0.012957353,Devon Williams,-
453,Rashad Jennings,0.987084,0.01291604,Rashad Jennings,-
454,Parris Campbell,0.9871126,0.012887397,Parris Campbell,212.6
455,Jace Sternberger,0.9871348,0.012865213,Jace Sternberger,215.9
456,Jordan Akins,0.98716927,0.012830754,Jordan Akins,215.9
457,Jermar Jefferson,0.9871784,0.012821631,Jermar Jefferson,215.8
458,Markus Wheaton,0.9872385,0.012761495,Markus Wheaton,-
459,Harry Douglas,0.9872385,0.012761495,Harry Douglas,-
460,Trestan Ebner,0.9872575,0.012742507,Trestan Ebner,-
461,Tyler Allgeier,0.9872575,0.012742507,Tyler Allgeier,141.5
462,Ty Chandler,0.9872575,0.012742507,Ty Chandler,-
463,Keaontay Ingram,0.9872575,0.012742507,Keaontay Ingram,197.8
464,Jerome Ford,0.9872575,0.012742507,Jerome Ford,216
465,Robert Foster,0.9872942,0.012705775,Robert Foster,216
466,Samori Toure,0.9873039,0.0126961,Samori Toure,216
467,Odell Beckham,0.9873379,0.012662094,Odell Beckham,178.8
468,J.J. Nelson,0.98733974,0.012660246,J.J. Nelson,216
469,Jordan Matthews,0.9874822,0.012517796,Jordan Matthews,216
470,Shi Smith,0.98763144,0.01236859,Shi Smith,-
471,Ihmir Smith-Marsette,0.98763144,0.01236859,Ihmir Smith-Marsette,215.9
472,DeMarco Murray,0.9876475,0.012352541,DeMarco Murray,-
473,Denzel Mims,0.987799,0.012201033,Denzel Mims,216
474,Justin Jackson,0.9878425,0.012157519,Justin Jackson,216
475,Tyler Johnson,0.9878983,0.012101731,Tyler Johnson,216
476,Isaiah Likely,0.9879663,0.012033689,Isaiah Likely,215.9
477,Devonta Freeman,0.9879776,0.012022396,Devonta Freeman,216
478,Demarcus Robinson,0.9880427,0.011957289,Demarcus Robinson,215.9
479,Josh Reynolds,0.9880427,0.011957289,Josh Reynolds,215.9
480,Jaelen Strong,0.9880727,0.011927289,Jaelen Strong,-
481,Alshon Jeffery,0.9881146,0.011885422,Alshon Jeffery,216
482,Trent Taylor,0.98812985,0.0118701495,Trent Taylor,216
483,Travis Fulgham,0.98812985,0.0118701495,Travis Fulgham,216
484,Bilal Powell,0.988166,0.011833996,Bilal Powell,216
485,Javorius Allen,0.988166,0.011833996,Javorius Allen,215.8
486,Jaret Patterson,0.98822325,0.011776749,Jaret Patterson,215.1
487,Jordan Reed,0.98830235,0.011697622,Jordan Reed,215.9
488,Adrian Peterson,0.9883117,0.011688287,Adrian Peterson,216
489,Spencer Ware,0.988378,0.011621985,Spencer Ware,216
490,Malcolm Perry,0.9884165,0.01158353,Malcolm Perry,216
491,Tyler Ervin,0.9884952,0.011504808,Tyler Ervin,215.9
492,Jeremy McNichols,0.9886689,0.011331107,Jeremy McNichols,216
493,Marcedes Lewis,0.9887002,0.011299788,Marcedes Lewis,215.9
494,Hakeem Nicks,0.98872703,0.011272975,Hakeem Nicks,-
495,Brevin Jordan,0.9887306,0.011269388,Brevin Jordan,209.9
496,Phillip Lindsay,0.9887531,0.011246915,Phillip Lindsay,216
497,Marion Grice,0.9887629,0.011237099,Marion Grice,-
498,Tyler Eifert,0.9888509,0.011149085,Tyler Eifert,216
499,Jeremy Langford,0.98887515,0.011124861,Jeremy Langford,-
500,Terrance Williams,0.9889257,0.011074286,Terrance Williams,-
501,Olabisi Johnson,0.98893845,0.011061535,Olabisi Johnson,216
502,Gerrit Prince,0.9891104,0.0108895665,Gerrit Prince,-
503,Luke Little,0.9891104,0.0108895665,Luke Little,-
504,Jeff Wilson,0.9891296,0.010870417,Jeff Wilson,215.9
505,Cade Otton,0.9891623,0.010837688,Cade Otton,216
506,Romeo Doubs,0.9891623,0.010837688,Romeo Doubs,211.2
507,Jake Ferguson,0.9891623,0.010837688,Jake Ferguson,216
508,Charlie Kolar,0.9891623,0.010837688,Charlie Kolar,216
509,Erik Ezukanma,0.9891623,0.010837688,Erik Ezukanma,216
510,Calvin Austin,0.9891623,0.010837688,Calvin Austin,215.7
511,Darwin Thompson,0.98917264,0.010827341,Darwin Thompson,216
512,Luke Farrell,0.98922616,0.010773819,Luke Farrell,-
513,Kylen Granson,0.98924947,0.010750513,Kylen Granson,216
514,Justin Hardy,0.98928857,0.010711459,Justin Hardy,-
515,Brian Quick,0.9892921,0.010707912,Brian Quick,-
516,Kyle Rudolph,0.98931754,0.010682449,Kyle Rudolph,215.9
517,Preston Williams,0.98934484,0.0106551945,Preston Williams,215.6
518,Crockett Gillmore,0.9893754,0.010624575,Crockett Gillmore,-
519,Darrius Heyward-Bey,0.9894047,0.010595338,Darrius Heyward-Bey,-
520,Chad Williams,0.98950577,0.010494225,Chad Williams,216
521,DeSean Jackson,0.9896188,0.010381243,DeSean Jackson,216
522,Hunter Long,0.98962003,0.0103799645,Hunter Long,239.9
523,J.J. Arcega-Whiteside,0.9896693,0.010330648,J.J. Arcega-Whiteside,216
524,Brandon Tate,0.989687,0.010312967,Brandon Tate,-
525,Gavin Escobar,0.9897039,0.010296135,Gavin Escobar,-
526,Greg Olsen,0.9897244,0.010275607,Greg Olsen,360
527,Chris Ivory,0.9897446,0.0102554,Chris Ivory,-
528,Rod Smith,0.9899179,0.010082145,Rod Smith,-
529,O.J. Howard,0.9900442,0.00995583,O.J. Howard,215.7
530,Isiah Pacheco,0.9900491,0.009950896,Isiah Pacheco,215.5
531,C.J. Anderson,0.9900765,0.009923518,C.J. Anderson,-
532,DeAndre Washington,0.9900994,0.009900616,DeAndre Washington,-
533,Demetric Felton,0.9901072,0.009892813,Demetric Felton,-
534,Brandon LaFell,0.99017465,0.009825327,Brandon LaFell,-
535,Eric Decker,0.99017465,0.009825327,Eric Decker,-
536,Craig Stevens,0.9901974,0.009802581,Craig Stevens,-
537,Derek Hagan,0.9902314,0.009768606,Derek Hagan,-
538,Phillip Dorsett,0.9904201,0.009579895,Phillip Dorsett,216
539,John Bates,0.99042255,0.009577479,John Bates,216
540,Durham Smythe,0.99042255,0.009577479,Durham Smythe,216
541,Amara Darboh,0.99044484,0.009555139,Amara Darboh,-
542,Maxx Williams,0.9904451,0.009554944,Maxx Williams,216
543,Quintez Cephus,0.9904823,0.009517728,Quintez Cephus,216
544,Matthew Dayes,0.99050564,0.009494342,Matthew Dayes,-
545,Daniel Bellinger,0.9905761,0.00942392,Daniel Bellinger,216
546,Corey Washington,0.9906313,0.009368729,Corey Washington,-
547,Niles Paul,0.9906768,0.009323159,Niles Paul,-
548,Ricardo Louis,0.9908763,0.009123706,Ricardo Louis,-
549,Foster Moreau,0.9908763,0.009123706,Foster Moreau,216
550,Albert Okwuegbunam,0.9908763,0.009123706,Albert Okwuegbunam,140.2
551,DaeSean Hamilton,0.9908763,0.009123706,DaeSean Hamilton,216
552,Brian Hill,0.99090844,0.009091551,Brian Hill,216
553,James White,0.99090904,0.009090938,James White,213
554,Isaiah McKenzie,0.99096656,0.00903343,Isaiah McKenzie,212.9
555,Ashton Dulin,0.9910085,0.008991472,Ashton Dulin,216
556,Alex Collins,0.9910141,0.008985887,Alex Collins,215.6
557,Connor Heyward,0.99104,0.008960022,Connor Heyward,-
558,Brittain Brown,0.99104,0.008960022,Brittain Brown,-
559,Kevin Brown,0.99108267,0.008917348,Kevin Brown,-
560,Raheem Blackshear,0.99108267,0.008917348,Raheem Blackshear,-
561,Shermari Jones,0.99108267,0.008917348,Shermari Jones,-
562,JaMycal Hasty,0.9911328,0.008867197,JaMycal Hasty,215.7
563,Dare Ogunbowale,0.9911328,0.008867197,Dare Ogunbowale,216
564,Dontrell Hilliard,0.9911328,0.008867197,Dontrell Hilliard,215.9
565,Ty'Son Williams,0.9911328,0.008867197,Ty'Son Williams,216
566,Joseph Randle,0.9912239,0.008776142,Joseph Randle,-
567,Mohamed Sanu,0.99126494,0.00873508,Mohamed Sanu,215.9
568,Dax Milne,0.99130386,0.008696121,Dax Milne,-
569,Donald Parham,0.99134535,0.008654629,Donald Parham,215.9
570,N'Keal Harry,0.99138486,0.008615148,N'Keal Harry,216
571,Damien Williams,0.9914253,0.008574696,Damien Williams,215
572,Marques Colston,0.9914614,0.008538589,Marques Colston,-
573,Devin Asiasi,0.991508,0.008491965,Devin Asiasi,215.9
574,Dede Westbrook,0.991542,0.008458019,Dede Westbrook,215.9
575,Peyton Barber,0.99154574,0.008454264,Peyton Barber,216
576,Malcolm Mitchell,0.991583,0.008416996,Malcolm Mitchell,-
577,Tre McKitty,0.9916317,0.008368317,Tre McKitty,215.9
578,Lamical Perine,0.99163467,0.0083653135,Lamical Perine,215.8
579,Miles Austin,0.99165094,0.008349053,Miles Austin,-
580,Jordan Wilkins,0.9917181,0.008281912,Jordan Wilkins,216
581,Ladarius Green,0.99173635,0.008263654,Ladarius Green,-
582,Roy Helu,0.99175566,0.008244363,Roy Helu,-
583,Trey Quinn,0.9917561,0.008243911,Trey Quinn,878
584,Lamar Miller,0.9917577,0.008242293,Lamar Miller,-
585,Robert Turbin,0.99175936,0.008240636,Robert Turbin,-
586,Mike Woods,0.9918147,0.008185332,Mike Woods,-
587,Kyle Philips,0.9918147,0.008185332,Kyle Philips,215.9
588,Jalen Nailor,0.9918147,0.008185332,Jalen Nailor,216
589,Grant Calcaterra,0.9918147,0.008185332,Grant Calcaterra,-
590,James Mitchell,0.9918147,0.008185332,James Mitchell,-
591,Cole Turner,0.9918147,0.008185332,Cole Turner,-
592,Teagan Quitoriano,0.9918147,0.008185332,Teagan Quitoriano,-
593,Ryan Grant,0.99181706,0.008182916,Ryan Grant,-
594,Theo Riddick,0.9918788,0.0081211785,Theo Riddick,-
595,T.J. Graham,0.9918901,0.00810992,T.J. Graham,-
596,Matt Breida,0.99190384,0.008096181,Matt Breida,214.6
597,Chris Thompson,0.9919448,0.008055215,Chris Thompson,216
598,Chris Thompson,0.9919448,0.008055215,Chris Thompson,-
599,Salvon Ahmed,0.9919539,0.008046079,Salvon Ahmed,215.3
600,Kene Nwangwu,0.9920369,0.007963106,Kene Nwangwu,216
601,Rashard Higgins,0.9920401,0.007959883,Rashard Higgins,216
602,Levine Toilolo,0.99206287,0.007937142,Levine Toilolo,552
603,Allen Hurns,0.99208015,0.007919832,Allen Hurns,788
604,Kerrith Whyte,0.9921021,0.007897904,Kerrith Whyte,-
605,Joshua Mack,0.99212533,0.0078746835,Joshua Mack,-
606,Max Borghi,0.99212533,0.0078746835,Max Borghi,240
607,C.J. Verdell,0.99212533,0.0078746835,C.J. Verdell,239.9
608,Mataeo Durant,0.99212533,0.0078746835,Mataeo Durant,-
609,Larry Rountree,0.99213475,0.00786526,Larry Rountree,215.9
610,Marquess Wilson,0.99215513,0.00784487,Marquess Wilson,-
611,Jonathan Dwyer,0.9922103,0.0077896826,Jonathan Dwyer,-
612,Mike Wallace,0.99235016,0.007649837,Mike Wallace,-
613,Steve Smith,0.99235016,0.007649837,Steve Smith,-
614,Martellus Bennett,0.99240255,0.0075974306,Martellus Bennett,-
615,Brian Hartline,0.99243283,0.0075671906,Brian Hartline,-
616,Scott Chandler,0.99243283,0.0075671906,Scott Chandler,-
617,Khalil Herbert,0.9924593,0.007540729,Khalil Herbert,170.5
618,Marquise Goodwin,0.9925567,0.0074433335,Marquise Goodwin,216
619,Elijah McGuire,0.99255896,0.0074410685,Elijah McGuire,-
620,Nick Vannett,0.99259365,0.007406351,Nick Vannett,216
621,Jarius Wright,0.99267834,0.0073216623,Jarius Wright,-
622,Robert Herron,0.99278563,0.007214377,Robert Herron,-
623,Troy Fumagalli,0.99278563,0.007214377,Troy Fumagalli,216
624,Keith Mumphery,0.99278563,0.007214377,Keith Mumphery,-
625,Jake Butt,0.9928945,0.0071055493,Jake Butt,216
626,Rex Burkhead,0.99290234,0.0070976443,Rex Burkhead,215.9
627,Stephon Huderson,0.9929109,0.007089071,Stephon Huderson,-
628,Ronnie Rivers,0.9929109,0.007089071,Ronnie Rivers,-
629,T.J. Pledger,0.9929109,0.007089071,T.J. Pledger,-
630,BJ Baylor,0.9929109,0.007089071,BJ Baylor,-
631,ZaQuandre White,0.9929109,0.007089071,ZaQuandre White,-
632,Vavae Malepeai,0.9929109,0.007089071,Vavae Malepeai,-
633,Greg Bell,0.9929109,0.007089071,Greg Bell,-
634,Deon McIntosh,0.9929109,0.007089071,Deon McIntosh,-
635,Jaylen Warren,0.9929109,0.007089071,Jaylen Warren,-
636,Kennedy Brooks,0.9929109,0.007089071,Kennedy Brooks,216
637,Abram Smith,0.9929109,0.007089071,Abram Smith,215.8
638,D'Vonte Price,0.9929109,0.007089071,D'Vonte Price,-
639,Charles Williams,0.9929109,0.007089071,Charles Williams,-
640,Cam'Ron Harris,0.9929109,0.007089071,Cam'Ron Harris,-
641,Deandre Torrey,0.9929109,0.007089071,Deandre Torrey,-
642,Bryant Koback,0.9929109,0.007089071,Bryant Koback,-
643,Kevin Marks,0.9929109,0.007089071,Kevin Marks,-
644,De'Montre Tuggle,0.9929109,0.007089071,De'Montre Tuggle,-
645,Leddie Brown,0.9929109,0.007089071,Leddie Brown,-
646,B.J. Smith,0.9929109,0.007089071,B.J. Smith,-
647,Master Teague,0.9929109,0.007089071,Master Teague,240
648,Jalen Richard,0.9929128,0.007087175,Jalen Richard,216
649,Kenneth Dixon,0.99293834,0.0070616854,Kenneth Dixon,-
650,Jimmy Graham,0.99296004,0.0070399484,Jimmy Graham,215.8
651,Daryl Richardson,0.99296695,0.007033022,Daryl Richardson,-
652,Michael Cox,0.99296695,0.007033022,Michael Cox,-
653,Kamar Aiken,0.9930139,0.0069860923,Kamar Aiken,-
654,Kendall Hunter,0.99302906,0.0069709346,Kendall Hunter,-
655,Freddie Swain,0.99304974,0.006950276,Freddie Swain,216
656,Richie James,0.99304974,0.006950276,Richie James,216
657,Dwayne Harris,0.99305475,0.006945229,Dwayne Harris,996
658,Owen Daniels,0.99306387,0.006936112,Owen Daniels,-
659,Dez Fitzpatrick,0.99306476,0.0069352253,Dez Fitzpatrick,216
660,Collin Johnson,0.9930785,0.006921521,Collin Johnson,216
661,Jalston Fowler,0.9931072,0.006892777,Jalston Fowler,-
662,T.J. Jones,0.9931121,0.0068878992,T.J. Jones,-
663,Jakeem Grant,0.9931121,0.0068878992,Jakeem Grant,216
664,Jordan Leggett,0.9931121,0.0068878992,Jordan Leggett,768
665,Matt Asiata,0.99312925,0.00687074,Matt Asiata,-
666,Ed Dickson,0.9931306,0.0068693575,Ed Dickson,-
667,Charles Clay,0.99315447,0.0068455054,Charles Clay,-
668,Alex Erickson,0.9931693,0.0068306797,Alex Erickson,216
669,Malcolm Brown,0.9931903,0.0068097273,Malcolm Brown,207.7
670,Michael Roberts,0.9932037,0.0067962985,Michael Roberts,806
671,Adam Shaheen,0.9932276,0.006772422,Adam Shaheen,216
672,Andrew Quarless,0.9932378,0.0067622303,Andrew Quarless,-
673,Craig Reynolds,0.9932929,0.00670708,Craig Reynolds,-
674,Albert Wilson,0.9933384,0.0066615944,Albert Wilson,215.9
675,Byron Pringle,0.9933443,0.0066557154,Byron Pringle,211.7
676,Edwin Baker,0.99345595,0.0065440307,Edwin Baker,-
677,Dan Herron,0.99350023,0.0064997883,Dan Herron,-
678,Miles Boykin,0.9935099,0.0064900834,Miles Boykin,216
679,Ben Watson,0.99352825,0.006471732,Ben Watson,-
680,Darrin Reaves,0.9935354,0.0064646294,Darrin Reaves,-
681,Akeem Hunt,0.9935354,0.0064646294,Akeem Hunt,-
682,Taquan Mizzell,0.9935354,0.0064646294,Taquan Mizzell,-
683,Rico Dowdle,0.9935355,0.006464497,Rico Dowdle,216
684,Xavier Jones,0.9935355,0.006464497,Xavier Jones,215.9
685,Austin Carr,0.99357754,0.006422468,Austin Carr,523
686,Andre Caldwell,0.99364394,0.0063560433,Andre Caldwell,-
687,Makai Polk,0.99364483,0.006355149,Makai Polk,-
688,Martavis Bryant,0.9936932,0.0063068173,Martavis Bryant,-
689,Stedman Bailey,0.99372655,0.006273442,Stedman Bailey,-
690,Will Dissly,0.9937946,0.006205408,Will Dissly,216
691,Jacob Hollister,0.9938072,0.006192814,Jacob Hollister,215.9
692,Anthony McFarland,0.99381846,0.0061815637,Anthony McFarland,216
693,Silas Redd,0.9938281,0.006171869,Silas Redd,-
694,Tion Green,0.9938281,0.006171869,Tion Green,-
695,Kenneth Farrow,0.9938281,0.006171869,Kenneth Farrow,-
696,Kapri Bibbs,0.9938281,0.006171869,Kapri Bibbs,-
697,Derrick Gore,0.9938281,0.006171869,Derrick Gore,216
698,Antonio Callaway,0.99383134,0.0061686765,Antonio Callaway,216
699,Caleb Wilson,0.99390835,0.006091658,Caleb Wilson,216
700,Gerald Christian,0.99390835,0.006091658,Gerald Christian,-
701,Kenny Stills,0.9939784,0.006021598,Kenny Stills,216
702,Khalil Shakir,0.9939834,0.0060165855,Khalil Shakir,214.3
703,Greg Salas,0.99399775,0.0060022217,Greg Salas,-
704,Alfred Blue,0.9940049,0.0059950934,Alfred Blue,-
705,Mike Gillislee,0.9940049,0.0059950934,Mike Gillislee,-
706,James Starks,0.9940049,0.0059950934,James Starks,-
707,Andre Ellington,0.9940049,0.0059950934,Andre Ellington,-
708,Luke Willson,0.9940097,0.00599035,Luke Willson,621
709,Andrew Ogletree,0.99401957,0.0059804036,Andrew Ogletree,-
710,Cecil Shorts,0.994069,0.005931013,Cecil Shorts,-
711,De'Angelo Henderson,0.9940915,0.0059084916,De'Angelo Henderson,-
712,Dexter Williams,0.9940915,0.0059084916,Dexter Williams,216
713,Dan Vitale,0.9940915,0.0059084916,Dan Vitale,-
714,T.J. Logan,0.9940915,0.0059084916,T.J. Logan,-
715,Anthony Fasano,0.9940989,0.0059010773,Anthony Fasano,-
716,Storm Johnson,0.994152,0.0058480026,Storm Johnson,-
717,Malcolm Johnson,0.99415785,0.005842176,Malcolm Johnson,-
718,Mike Burton,0.99415785,0.005842176,Mike Burton,216
719,Andy Janovich,0.99415785,0.005842176,Andy Janovich,215.9
720,Derek Watt,0.99415785,0.005842176,Derek Watt,215.9
721,Alex Armah,0.99415785,0.005842176,Alex Armah,-
722,Joe Morgan,0.9941894,0.0058106417,Joe Morgan,-
723,Rhett Ellison,0.9942013,0.0057986793,Rhett Ellison,-
724,Stacy Coley,0.9942038,0.0057961866,Stacy Coley,-
725,Adrien Robinson,0.9942149,0.0057851016,Adrien Robinson,-
726,Seth Roberts,0.99423,0.0057700505,Seth Roberts,569
727,Ko Kieft,0.99425226,0.005747723,Ko Kieft,-
728,Bo Melton,0.99425226,0.005747723,Bo Melton,215.9
729,Dareke Young,0.99425226,0.005747723,Dareke Young,-
730,Anthony Dixon,0.9942744,0.0057256026,Anthony Dixon,-
731,Jacquizz Rodgers,0.9942744,0.0057256026,Jacquizz Rodgers,-
732,Kendric Pryor,0.99427974,0.0057202573,Kendric Pryor,-
733,Keith Corbin,0.99427974,0.0057202573,Keith Corbin,-
734,Darren Sproles,0.9942874,0.005712631,Darren Sproles,-
735,Riley Cooper,0.9942894,0.0057106167,Riley Cooper,-
736,Mychal Rivera,0.9942894,0.0057106167,Mychal Rivera,-
737,Rob Kelley,0.9943075,0.0056924913,Rob Kelley,-
738,Juwan Johnson,0.994312,0.005687986,Juwan Johnson,212.6
739,Isaiah Wright,0.994312,0.005687986,Isaiah Wright,216
740,Ricky Seals-Jones,0.994312,0.005687986,Ricky Seals-Jones,215.5
741,Antoine Wesley,0.994312,0.005687986,Antoine Wesley,215.8
742,Stephen Anderson,0.994312,0.005687986,Stephen Anderson,216
743,James O'Shaughnessy,0.9943706,0.0056293923,James O'Shaughnessy,216
744,Bo Scarbrough,0.9943852,0.0056148428,Bo Scarbrough,-
745,Randall Cobb,0.9943884,0.0056115957,Randall Cobb,213.8
746,Jonathan Williams,0.9944084,0.0055915816,Jonathan Williams,-
747,Kerwynn Williams,0.994417,0.0055830115,Kerwynn Williams,-
748,Drew Sample,0.99442625,0.005573777,Drew Sample,216
749,Chris Hogan,0.9944335,0.005566479,Chris Hogan,216
750,Louis Murphy,0.99447703,0.005522944,Louis Murphy,-
751,Brandon Lloyd,0.99447703,0.005522944,Brandon Lloyd,-
752,Bruce Ellington,0.99447703,0.005522944,Bruce Ellington,-
753,Clay Harbor,0.99447703,0.005522944,Clay Harbor,-
754,Nick Toon,0.99447703,0.005522944,Nick Toon,-
755,Dion Sims,0.99447703,0.005522944,Dion Sims,-
756,Quinton Patton,0.99447703,0.005522944,Quinton Patton,-
757,Jason Avant,0.99447703,0.005522944,Jason Avant,-
758,Delanie Walker,0.9945216,0.005478412,Delanie Walker,753
759,Taylor Gabriel,0.9946046,0.005395399,Taylor Gabriel,914
760,Mike A. Williams,0.9946176,0.005382405,Mike A. Williams,-
761,Jeremy Butler,0.9946534,0.0053465795,Jeremy Butler,-
762,Bryan Walters,0.9946534,0.0053465795,Bryan Walters,-
763,Jaylen Samuels,0.99466825,0.0053317426,Jaylen Samuels,216
764,Travis Homer,0.99468285,0.0053171357,Travis Homer,216
765,Nick Boyle,0.9946886,0.0053114216,Nick Boyle,216
766,Doug Baldwin,0.99470013,0.0052998583,Doug Baldwin,-
767,Qadree Ollison,0.9947049,0.005295102,Qadree Ollison,216
768,Jesper Horsted,0.99471146,0.0052885585,Jesper Horsted,215.9
769,Tyler Varga,0.99471796,0.005282018,Tyler Varga,-
770,Charles Johnson,0.9947444,0.0052555846,Charles Johnson,-
771,Demarcus Ayers,0.9947453,0.00525466,Demarcus Ayers,-
772,Greg Ward,0.99475634,0.0052436846,Greg Ward,215.8
773,Dion Lewis,0.9947963,0.005203742,Dion Lewis,-
774,DeAndre Carter,0.9948045,0.005195516,DeAndre Carter,992
775,Stephen Carr,0.9948221,0.005177907,Stephen Carr,-
776,Jeremiah Hall,0.9948221,0.005177907,Jeremiah Hall,-
777,L.D. Brown,0.9948221,0.005177907,L.D. Brown,-
778,Virgil Green,0.9948549,0.005145056,Virgil Green,512
779,Rashad Greene,0.9948721,0.005127882,Rashad Greene,-
780,James Proche,0.9948721,0.005127882,James Proche,216
781,Jerell Adams,0.9948721,0.005127882,Jerell Adams,930
782,Cody Core,0.9948721,0.005127882,Cody Core,966
783,Damion Ratley,0.9948721,0.005127882,Damion Ratley,1037
784,MyCole Pruitt,0.9948721,0.005127882,MyCole Pruitt,216
785,Nick O'Leary,0.9948721,0.005127882,Nick O'Leary,964
786,Jacob Tamme,0.9949063,0.0050937105,Jacob Tamme,-
787,Dennis Pitta,0.9949063,0.0050937105,Dennis Pitta,-
788,Tre McBride,0.9949356,0.0050644437,Tre McBride,-
789,Neal Sterling,0.9949356,0.0050644437,Neal Sterling,-
790,Justyn Ross,0.9949505,0.005049512,Justyn Ross,211.8
791,LeGarrette Blount,0.99496853,0.0050314567,LeGarrette Blount,-
792,Jehu Chesson,0.9949799,0.005020064,Jehu Chesson,-
793,J'Mon Moore,0.9949799,0.005020064,J'Mon Moore,744
794,Riley Ridley,0.9949799,0.005020064,Riley Ridley,216
795,Jaleel Scott,0.9949799,0.005020064,Jaleel Scott,216
796,Josh Malone,0.9949799,0.005020064,Josh Malone,216
797,Brandon Gibson,0.9950048,0.0049952385,Brandon Gibson,-
798,Kendall Gaskins,0.9950353,0.0049647107,Kendall Gaskins,-
799,Zurlon Tipton,0.9950353,0.0049647107,Zurlon Tipton,-
800,Keke Coutee,0.9951033,0.0048967293,Keke Coutee,216
801,David Moore,0.99510795,0.004892068,David Moore,216
802,Tyrell Williams,0.9951146,0.0048853895,Tyrell Williams,140.7
803,Equanimeous St. Brown,0.99514157,0.004858434,Equanimeous St. Brown,216
804,Cameron Artis-Payne,0.99516153,0.0048384597,Cameron Artis-Payne,-
805,Kelvin Harmon,0.9951652,0.0048347847,Kelvin Harmon,216
806,Dan Arnold,0.9951685,0.0048314845,Dan Arnold,215.7
807,Jerricho Cotchery,0.9951958,0.00480418,Jerricho Cotchery,-
808,Jackie Battle,0.99521506,0.0047849403,Jackie Battle,-
809,Josh Adams,0.9952415,0.004758489,Josh Adams,216
810,Patrick Laird,0.9952415,0.004758489,Patrick Laird,216
811,Gary Barnidge,0.9952448,0.004755225,Gary Barnidge,-
812,Jalen Saunders,0.99524623,0.0047537424,Jalen Saunders,-
813,Jalen Tolliver,0.99525654,0.0047434685,Jalen Tolliver,-
814,Adam Humphries,0.9952795,0.004720497,Adam Humphries,215
815,Quincy Enunwa,0.99529,0.004710013,Quincy Enunwa,-
816,Julius Thomas,0.99533206,0.00466794,Julius Thomas,-
817,Terron Ward,0.99540603,0.0045939684,Terron Ward,-
818,C.J. Ham,0.99540603,0.0045939684,C.J. Ham,216
819,Elijhaa Penny,0.99540603,0.0045939684,Elijhaa Penny,-
820,Zac Stacy,0.99541825,0.004581728,Zac Stacy,-
821,Lance Dunbar,0.9954321,0.004567898,Lance Dunbar,-
822,Antone Smith,0.9954321,0.004567898,Antone Smith,-
823,Mike Tolbert,0.9954321,0.004567898,Mike Tolbert,-
824,Fozzy Whittaker,0.9954321,0.004567898,Fozzy Whittaker,-
825,Jonas Gray,0.9954321,0.004567898,Jonas Gray,-
826,Khiry Robinson,0.9954321,0.004567898,Khiry Robinson,-
827,Chris Polk,0.9954321,0.004567898,Chris Polk,-
828,Marcel Reece,0.9954321,0.004567898,Marcel Reece,-
829,Michael Hoomanawanui,0.9954322,0.0045678285,Michael Hoomanawanui,-
830,Brandon Marshall,0.9954474,0.0045525986,Brandon Marshall,-
831,Austin Allen,0.99545556,0.0045444593,Austin Allen,-
832,Braylon Sanders,0.99545556,0.0045444593,Braylon Sanders,-
833,Dee Anderson,0.99545556,0.0045444593,Dee Anderson,-
834,Johnny Johnson,0.99545556,0.0045444593,Johnny Johnson,-
835,Jerreth Sterns,0.99545556,0.0045444593,Jerreth Sterns,216
836,Jaquarii Roberson,0.99545556,0.0045444593,Jaquarii Roberson,-
837,Josh Johnson,0.99545556,0.0045444593,Josh Johnson,-
838,Josh Johnson,0.99545556,0.0045444593,Josh Johnson,-
839,Josh Johnson,0.99818474,0.0018152879,Josh Johnson,-
840,Josh Johnson,0.99818474,0.0018152879,Josh Johnson,-
841,Josh Johnson,0.99818474,0.0018152879,Josh Johnson,-
842,Josh Johnson,0.99818474,0.0018152879,Josh Johnson,-
843,Reggie Roberson,0.99545556,0.0045444593,Reggie Roberson,-
844,Rodney Williams,0.99545556,0.0045444593,Rodney Williams,-
845,Dontario Drummond,0.99545556,0.0045444593,Dontario Drummond,-
846,Charleston Rambo,0.99545556,0.0045444593,Charleston Rambo,-
847,Peyton Hendershot,0.99545556,0.0045444593,Peyton Hendershot,-
848,Dahu Green,0.99545556,0.0045444593,Dahu Green,-
849,Kevin Austin,0.99545556,0.0045444593,Kevin Austin,-
850,Lucas Krull,0.99545556,0.0045444593,Lucas Krull,-
851,Calvin Jackson,0.99545556,0.0045444593,Calvin Jackson,-
852,Emeka Emezie,0.99545556,0.0045444593,Emeka Emezie,-
853,Chase Allen,0.99545556,0.0045444593,Chase Allen,-
854,Tre Turner,0.99545556,0.0045444593,Tre Turner,-
855,Jaivon Heiligh,0.99545556,0.0045444593,Jaivon Heiligh,-
856,Mike Harley,0.99545556,0.0045444593,Mike Harley,-
857,Kaylon Geiger,0.99545556,0.0045444593,Kaylon Geiger,-
858,Derrick Deese,0.99545556,0.0045444593,Derrick Deese,-
859,Ty Fryfogle,0.99545556,0.0045444593,Ty Fryfogle,240
860,Tavarres King,0.99547213,0.004527854,Tavarres King,-
861,James Casey,0.99547213,0.004527854,James Casey,-
862,Patrick Taylor,0.9954817,0.0045182887,Patrick Taylor,-
863,David Ausberry,0.99549156,0.0045084376,David Ausberry,-
864,Stepfan Taylor,0.99549866,0.0045013595,Stepfan Taylor,-
865,Ryan Izzo,0.9955773,0.00442272,Ryan Izzo,215.5
866,Malcom Floyd,0.9955959,0.0044041504,Malcom Floyd,-
867,Jesse James,0.99562436,0.0043756384,Jesse James,216
868,Marshawn Lynch,0.9956269,0.004373082,Marshawn Lynch,-
869,Josh Morgan,0.99563617,0.004363832,Josh Morgan,-
870,James Hanna,0.99563617,0.004363832,James Hanna,-
871,Justin Brown,0.99563617,0.004363832,Justin Brown,-
872,Austin Traylor,0.995701,0.00429899,Austin Traylor,-
873,Lil'Jordan Humphrey,0.995701,0.00429899,Lil'Jordan Humphrey,215.9
874,Paul Turner,0.995701,0.00429899,Paul Turner,-
875,Justin Forsett,0.9957127,0.0042872736,Justin Forsett,-
876,J.J. Taylor,0.9957215,0.0042784726,J.J. Taylor,216
877,Juwan Thompson,0.99572617,0.004273829,Juwan Thompson,-
878,Rishard Matthews,0.99578285,0.0042171376,Rishard Matthews,-
879,Charcandrick West,0.99578744,0.0042125746,Charcandrick West,-
880,Branden Oliver,0.99578744,0.0042125746,Branden Oliver,-
881,Travaris Cadet,0.99578744,0.0042125746,Travaris Cadet,-
882,Shaun Draughn,0.99578744,0.0042125746,Shaun Draughn,-
883,Benny Cunningham,0.99578744,0.0042125746,Benny Cunningham,-
884,Josh Hill,0.9957908,0.0042092353,Josh Hill,216
885,Josh Bellamy,0.9957908,0.0042092353,Josh Bellamy,929
886,Bennie Fowler,0.9957908,0.0042092353,Bennie Fowler,609
887,Seth Green,0.99582344,0.004176564,Seth Green,-
888,Jalen Virgil,0.99582344,0.004176564,Jalen Virgil,-
889,Stone Smartt,0.99582344,0.004176564,Stone Smartt,-
890,A.J. Derby,0.9958342,0.004165811,A.J. Derby,-
891,Aldrick Robinson,0.9958342,0.004165811,Aldrick Robinson,-
892,Brent Celek,0.9958342,0.004165811,Brent Celek,-
893,Freddie Martino,0.99584246,0.0041575506,Freddie Martino,-
894,Blake Jarwin,0.99584705,0.004152965,Blake Jarwin,188.3
895,Jason Croom,0.99584705,0.004152965,Jason Croom,558
896,Cam Sims,0.99584705,0.004152965,Cam Sims,216
897,Tim Hightower,0.99584883,0.0041511906,Tim Hightower,-
898,Isaiah Weston,0.99584943,0.0041505834,Isaiah Weston,-
899,Daniel Lasco,0.9958539,0.004146096,Daniel Lasco,-
900,Darius Jackson,0.9958539,0.004146096,Darius Jackson,-
901,David Williams,0.9958539,0.004146096,David Williams,-
902,Josh Robinson,0.9958539,0.004146096,Josh Robinson,-
903,Devante Mays,0.9958539,0.004146096,Devante Mays,-
904,Darius Jennings,0.99585676,0.0041432246,Darius Jennings,803
905,Andy Jones,0.99585676,0.0041432246,Andy Jones,-
906,Travis Rudolph,0.99585676,0.0041432246,Travis Rudolph,-
907,Bradley Marquez,0.99585676,0.0041432246,Bradley Marquez,-
908,Lucky Whitehead,0.99585676,0.0041432246,Lucky Whitehead,-
909,Garrett Graham,0.9958897,0.004110261,Garrett Graham,-
910,Keshawn Martin,0.9958897,0.004110261,Keshawn Martin,-
911,Ace Sanders,0.9958986,0.0041014245,Ace Sanders,-
912,Jay Prosch,0.9959005,0.0040994794,Jay Prosch,-
913,Marquez Williams,0.9959005,0.0040994794,Marquez Williams,-
914,Nick Bawden,0.9959005,0.0040994794,Nick Bawden,-
915,Aaron Ripkowski,0.9959005,0.0040994794,Aaron Ripkowski,-
916,Chris Givens,0.99594325,0.004056726,Chris Givens,-
917,Justin Watson,0.9959624,0.0040376442,Justin Watson,216
918,Jordan Cameron,0.99596775,0.0040322826,Jordan Cameron,-
919,John Brown,0.99598354,0.0040164404,John Brown,215.7
920,Corey Brown,0.99598765,0.0040123393,Corey Brown,-
921,Orleans Darkwa,0.9959883,0.004011699,Orleans Darkwa,-
922,Thomas Rawls,0.9959883,0.004011699,Thomas Rawls,-
923,Steven Sims,0.9959979,0.004002078,Steven Sims,216
924,Alexander Hollins,0.99602973,0.0039702724,Alexander Hollins,215.9
925,Paul McRoberts,0.99602973,0.0039702724,Paul McRoberts,-
926,Jordan Taylor,0.9960448,0.0039551742,Jordan Taylor,-
927,Anthony Firkser,0.9960448,0.0039551742,Anthony Firkser,215.8
928,Jalin Marshall,0.9960448,0.0039551742,Jalin Marshall,-
929,Roger Lewis,0.9960448,0.0039551742,Roger Lewis,-
930,Maurice Harris,0.9960448,0.0039551742,Maurice Harris,-
931,Kevin White,0.9960508,0.003949252,Kevin White,216
932,Peyton Hillis,0.99606556,0.003934417,Peyton Hillis,-
933,Hunter Sharp,0.9960737,0.0039263056,Hunter Sharp,-
934,Travis Benjamin,0.9960737,0.003926257,Travis Benjamin,216
935,Michael Campanaro,0.996089,0.0039110193,Michael Campanaro,-
936,John Hightower,0.9961315,0.003868531,John Hightower,216
937,Jeremy Kerley,0.99615836,0.0038416442,Jeremy Kerley,-
938,Richard Rodgers,0.9961644,0.0038355908,Richard Rodgers,332
939,Justin Davis,0.9962001,0.0037998976,Justin Davis,-
940,Zach Gentry,0.996214,0.0037860314,Zach Gentry,216
941,Deon Cain,0.996214,0.0037860314,Deon Cain,216
942,David Morgan,0.996214,0.0037860314,David Morgan,-
943,Joe Reed,0.996214,0.0037860314,Joe Reed,216
944,Shelton Gibson,0.996214,0.0037860314,Shelton Gibson,215.9
945,Jordan Payton,0.996214,0.0037860314,Jordan Payton,-
946,Damion Willis,0.996216,0.0037839923,Damion Willis,883
947,George Atkinson III,0.9962428,0.0037571588,George Atkinson III,-
948,Montrell Washington,0.9962494,0.003750641,Montrell Washington,-
949,John Phillips,0.99625283,0.0037471897,John Phillips,-
950,Ray-Ray McCloud,0.99625653,0.0037434476,Ray-Ray McCloud,216
951,Randall Telfer,0.99625653,0.0037434476,Randall Telfer,-
952,Brenton Bersin,0.9962986,0.003701396,Brenton Bersin,-
953,Kaden Smith,0.9963071,0.0036929022,Kaden Smith,216
954,Hakeem Butler,0.99631315,0.0036868546,Hakeem Butler,-
955,Andre Roberts,0.99632585,0.0036741407,Andre Roberts,216
956,Cameron Meredith,0.9963527,0.0036473381,Cameron Meredith,-
957,Chester Rogers,0.9963527,0.0036473381,Chester Rogers,216
958,Damiere Byrd,0.9963527,0.0036473381,Damiere Byrd,216
959,Trey Burton,0.9963527,0.0036473381,Trey Burton,216
960,Will Tye,0.9963527,0.0036473381,Will Tye,-
961,Javon Wims,0.9964025,0.0035974856,Javon Wims,216
962,Jordan Thomas,0.9964025,0.0035974856,Jordan Thomas,216
963,Noah Brown,0.9964025,0.0035974856,Noah Brown,216
964,Charone Peake,0.9964025,0.0035974856,Charone Peake,-
965,Robert Davis,0.9964151,0.0035849412,Robert Davis,917
966,Jim Dray,0.99642295,0.0035770496,Jim Dray,-
967,Brice Butler,0.99642295,0.0035770496,Brice Butler,-
968,Mike James,0.99642795,0.0035720717,Mike James,-
969,Cedric Peerman,0.99642795,0.0035720717,Cedric Peerman,-
970,Cyrus Gray,0.99642795,0.0035720717,Cyrus Gray,-
971,Jalen Parmele,0.99642795,0.0035720717,Jalen Parmele,-
972,Derek Carrier,0.99642986,0.0035701424,Derek Carrier,216
973,Rob Gronkowski,0.996444,0.003556013,Rob Gronkowski,128.4
974,Tommy Sweeney,0.9964618,0.0035381634,Tommy Sweeney,216
975,Ben Skowronek,0.9964618,0.0035381634,Ben Skowronek,215.8
976,Anthony Sherman,0.9964681,0.0035318867,Anthony Sherman,-
977,Trevor Davis,0.996478,0.0035219956,Trevor Davis,821
978,Wendall Williams,0.9964906,0.0035094048,Wendall Williams,-
979,Jermaine Kearse,0.9965182,0.003481796,Jermaine Kearse,-
980,Isaiah Ford,0.99659365,0.0034063754,Isaiah Ford,361
981,Zach Line,0.99660134,0.003398666,Zach Line,-
982,John Kuhn,0.99660134,0.003398666,John Kuhn,-
983,DuJuan Harris,0.99660134,0.003398666,DuJuan Harris,-
984,D.J. Foster,0.9966087,0.003391354,D.J. Foster,216
985,Tre Madden,0.9966087,0.003391354,Tre Madden,-
986,Terrence Magee,0.9966087,0.003391354,Terrence Magee,-
987,Jon Hilliman,0.9966087,0.003391354,Jon Hilliman,-
988,Josh Ferguson,0.9966087,0.003391354,Josh Ferguson,216
989,Keith Ford,0.9966087,0.003391354,Keith Ford,-
990,Levante Bellamy,0.9966087,0.003391354,Levante Bellamy,-
991,Roc Thomas,0.9966087,0.003391354,Roc Thomas,-
992,Sewo Olonilua,0.9966087,0.003391354,Sewo Olonilua,216
993,Shaun Wilson,0.9966087,0.003391354,Shaun Wilson,-
994,Tony Brooks-James,0.9966087,0.003391354,Tony Brooks-James,215.9
995,Javon Leake,0.9966087,0.003391354,Javon Leake,-
996,Tra Carson,0.9966087,0.003391354,Tra Carson,-
997,Trey Williams,0.9966087,0.003391354,Trey Williams,-
998,Troymaine Pope,0.9966087,0.003391354,Troymaine Pope,-
999,Byron Marshall,0.9966087,0.003391354,Byron Marshall,-
1000,Bronson Hill,0.9966087,0.003391354,Bronson Hill,-
1001,Brandon Wilds,0.9966087,0.003391354,Brandon Wilds,-
1002,Bralon Addison,0.9966087,0.003391354,Bralon Addison,-
1003,John Crockett,0.9966087,0.003391354,John Crockett,-
1004,LeShun Daniels,0.9966087,0.003391354,LeShun Daniels,-
1005,David Fluellen,0.9966087,0.003391354,David Fluellen,-
1006,De'Lance Turner,0.9966087,0.003391354,De'Lance Turner,-
1007,Dalyn Dawkins,0.9966087,0.003391354,Dalyn Dawkins,-
1008,Don Jackson,0.9966087,0.003391354,Don Jackson,-
1009,De'Veon Smith,0.9966087,0.003391354,De'Veon Smith,-
1010,Detrez Newsome,0.9966087,0.003391354,Detrez Newsome,-
1011,Elijah Holyfield,0.99662024,0.0033797526,Elijah Holyfield,216
1012,Michael Warren,0.99662024,0.0033797526,Michael Warren,216
1013,Corey Grant,0.9966468,0.0033531953,Corey Grant,-
1014,George Farmer,0.9966468,0.0033531953,George Farmer,-
1015,Gabe Nabers,0.9966468,0.0033531953,Gabe Nabers,-
1016,Jakob Johnson,0.9966468,0.0033531953,Jakob Johnson,-
1017,Alec Ingold,0.9966468,0.0033531953,Alec Ingold,216
1018,Joe Kerridge,0.9966468,0.0033531953,Joe Kerridge,-
1019,Jauan Jennings,0.99665344,0.003346555,Jauan Jennings,215.7
1020,Braden Galloway,0.996683,0.0033170132,Braden Galloway,-
1021,Demetris Robertson,0.996683,0.0033170132,Demetris Robertson,-
1022,Slade Bolden,0.996683,0.0033170132,Slade Bolden,-
1023,Tyson Morris,0.996683,0.0033170132,Tyson Morris,-
1024,Steve Johnson,0.9967015,0.0032985464,Steve Johnson,-
1025,Ryan Griffin,0.9967015,0.0032985464,Ryan Griffin,216
1026,Arian Foster,0.9967018,0.0032982389,Arian Foster,-
1027,Mason Schreck,0.9967352,0.0032647888,Mason Schreck,665
1028,Tyrie Cleveland,0.9967352,0.0032647888,Tyrie Cleveland,1079
1029,Stephen Sullivan,0.99677193,0.003228049,Stephen Sullivan,215.9
1030,Brandon Burks,0.99678886,0.0032111595,Brandon Burks,-
1031,Alonzo Harris,0.99678886,0.0032111595,Alonzo Harris,-
1032,Jake Stoneburner,0.9968198,0.0031801928,Jake Stoneburner,-
1033,Gary Brightwell,0.9968336,0.0031663508,Gary Brightwell,-
1034,Jordan Scarlett,0.9968336,0.0031663508,Jordan Scarlett,-
1035,John Kelly,0.9968336,0.0031663508,John Kelly,215.9
1036,Jason Huntley,0.9968336,0.0031663508,Jason Huntley,216
1037,Jeremy Cox,0.99684525,0.003154756,Jeremy Cox,-
1038,Sean McKeon,0.9968842,0.0031157888,Sean McKeon,875
1039,Geremy Davis,0.9969075,0.0030925102,Geremy Davis,216
1040,Kaelin Clay,0.9969075,0.0030925102,Kaelin Clay,-
1041,Matt Hazel,0.9969075,0.0030925102,Matt Hazel,-
1042,Garrett Celek,0.996928,0.003072053,Garrett Celek,-
1043,Russell Shepard,0.996928,0.003072053,Russell Shepard,-
1044,Marcus Murphy,0.99693304,0.0030669665,Marcus Murphy,-
1045,Chris Ogbonnaya,0.99693304,0.0030669665,Chris Ogbonnaya,-
1046,Joey Iosefa,0.99693304,0.0030669665,Joey Iosefa,-
1047,Tommy Bohanon,0.99693304,0.0030669665,Tommy Bohanon,-
1048,Dominique Jones,0.9969352,0.0030648399,Dominique Jones,-
1049,Justin Perillo,0.9969352,0.0030648399,Justin Perillo,-
1050,Joseph Fauria,0.9969352,0.0030648399,Joseph Fauria,-
1051,Myles White,0.9969352,0.0030648399,Myles White,-
1052,Brian Tyms,0.9969352,0.0030648399,Brian Tyms,-
1053,Dane Sanzenbacher,0.9969352,0.0030648399,Dane Sanzenbacher,-
1054,Chris Owusu,0.9969352,0.0030648399,Chris Owusu,-
1055,Geronimo Allison,0.9969521,0.0030478681,Geronimo Allison,684
1056,Tyron Johnson,0.9969521,0.0030478681,Tyron Johnson,215.8
1057,Corey Clement,0.99696153,0.0030384825,Corey Clement,216
1058,Vince Mayle,0.9969661,0.0030338867,Vince Mayle,-
1059,Orson Charles,0.9969661,0.0030338867,Orson Charles,-
1060,Kris Durham,0.9969661,0.0030338867,Kris Durham,-
1061,Kevin Norwood,0.9969661,0.0030338867,Kevin Norwood,-
1062,Bryce Brown,0.99696755,0.0030324461,Bryce Brown,-
1063,DeAndre Smelter,0.99698853,0.0030114455,DeAndre Smelter,-
1064,Trayveon Williams,0.99700195,0.0029980752,Trayveon Williams,215.9
1065,Pierre Thomas,0.9970326,0.0029674456,Pierre Thomas,-
1066,Brandon Zylstra,0.9970577,0.002942316,Brandon Zylstra,480
1067,Jaeden Graham,0.9970577,0.002942316,Jaeden Graham,581
1068,Khadarel Hodge,0.9970577,0.002942316,Khadarel Hodge,215.5
1069,Pharaoh Brown,0.9970577,0.002942316,Pharaoh Brown,216
1070,Malik Turner,0.9970577,0.002942316,Malik Turner,216
1071,Xavier Grimble,0.9970577,0.002942316,Xavier Grimble,216
1072,Damarea Crockett,0.9970718,0.0029281767,Damarea Crockett,216
1073,Timothy Wright,0.9970744,0.002925591,Timothy Wright,-
1074,Preston Parker,0.9970744,0.002925591,Preston Parker,-
1075,Marlon Brown,0.9970744,0.002925591,Marlon Brown,-
1076,Lance Moore,0.9970744,0.002925591,Lance Moore,-
1077,Jordan Norwood,0.9970744,0.002925591,Jordan Norwood,-
1078,Javontee Herndon,0.9970744,0.002925591,Javontee Herndon,-
1079,Kenbrell Thompkins,0.9970744,0.002925591,Kenbrell Thompkins,-
1080,Cooper Helfet,0.9970744,0.002925591,Cooper Helfet,-
1081,Daniel Fells,0.9970744,0.002925591,Daniel Fells,-
1082,Penny Hart,0.99710166,0.0028983597,Penny Hart,216
1083,Trinity Benson,0.99710625,0.0028937662,Trinity Benson,216
1084,Tom Kennedy,0.99710625,0.0028937662,Tom Kennedy,904
1085,Blake Bell,0.99712926,0.0028707148,Blake Bell,216
1086,Pierre Garcon,0.9971379,0.002862115,Pierre Garcon,-
1087,Marcell Ateman,0.9971849,0.002815104,Marcell Ateman,773
1088,Olamide Zaccheaus,0.9972141,0.0027859134,Olamide Zaccheaus,215.9
1089,Robert Hughes,0.997221,0.0027789779,Robert Hughes,-
1090,Kristian Wilkerson,0.9972272,0.0027728253,Kristian Wilkerson,-
1091,Marcus Johnson,0.99723774,0.0027622683,Marcus Johnson,239.9
1092,Jeremy Sprinkle,0.997253,0.0027470225,Jeremy Sprinkle,637
1093,KeeSean Johnson,0.997253,0.0027470225,KeeSean Johnson,216
1094,Taiwan Jones,0.997256,0.0027440183,Taiwan Jones,-
1095,Brandon Coleman,0.997263,0.002736959,Brandon Coleman,-
1096,Cameron Brate,0.99730235,0.0026976718,Cameron Brate,210.7
1097,Dontrelle Inman,0.99730235,0.0026976718,Dontrelle Inman,372
1098,Jack Doyle,0.99730235,0.0026976718,Jack Doyle,216
1099,Larry Donnell,0.99730235,0.0026976718,Larry Donnell,-
1100,Deonte Thompson,0.99730235,0.0026976718,Deonte Thompson,-
1101,Wes Welker,0.99730235,0.0026976718,Wes Welker,-
1102,Victor Cruz,0.99730235,0.0026976718,Victor Cruz,-
1103,Brycen Hopkins,0.9973109,0.0026891283,Brycen Hopkins,216
1104,Antonio Gandy-Golden,0.9973109,0.0026891283,Antonio Gandy-Golden,216
1105,Jacob Harris,0.9973109,0.0026891283,Jacob Harris,216
1106,Pharoh Cooper,0.997325,0.0026749899,Pharoh Cooper,525
1107,Cobi Hamilton,0.99733925,0.0026607646,Cobi Hamilton,-
1108,Brandon Myers,0.99733925,0.0026607646,Brandon Myers,-
1109,Trevon Wesco,0.99734116,0.0026588496,Trevon Wesco,216
1110,Aaron Burbridge,0.997345,0.0026550363,Aaron Burbridge,-
1111,Terry Godwin,0.997345,0.0026550363,Terry Godwin,215.9
1112,Dezmin Lewis,0.997345,0.0026550363,Dezmin Lewis,-
1113,Daniel Braverman,0.997345,0.0026550363,Daniel Braverman,-
1114,Mario Alford,0.997345,0.0026550363,Mario Alford,-
1115,Isaac Nauta,0.997345,0.0026550363,Isaac Nauta,644
1116,Eric Saubert,0.997356,0.0026440043,Eric Saubert,215.9
1117,Nick Muse,0.9973698,0.0026301902,Nick Muse,-
1118,Geoff Swaim,0.99737483,0.0026251401,Geoff Swaim,215.9
1119,Ben Koyack,0.99737483,0.0026251401,Ben Koyack,745
1120,Tommy Stevens,0.99737483,0.0026251401,Tommy Stevens,-
1121,James Wright,0.99737483,0.0026251401,James Wright,-
1122,Nate McCrary,0.99737686,0.0026231208,Nate McCrary,-
1123,Eli Rogers,0.99743116,0.0025688477,Eli Rogers,-
1124,Donteea Dye,0.99745595,0.0025440643,Donteea Dye,-
1125,Jason Moore,0.99745935,0.002540635,Jason Moore,679
1126,Colby Parkinson,0.9974626,0.0025374324,Colby Parkinson,216
1127,Derrick Coleman,0.99749184,0.0025081711,Derrick Coleman,-
1128,George Winn,0.99749184,0.0025081711,George Winn,-
1129,Fitzgerald Toussaint,0.99749184,0.0025081711,Fitzgerald Toussaint,-
1130,Josh Harris,0.99749184,0.0025081711,Josh Harris,-
1131,Joe Banyard,0.99749184,0.0025081711,Joe Banyard,-
1132,Tauren Poole,0.99749184,0.0025081711,Tauren Poole,-
1133,Senorise Perry,0.99749184,0.0025081711,Senorise Perry,-
1134,Glenn Winston,0.99749184,0.0025081711,Glenn Winston,-
1135,Cierre Wood,0.99749184,0.0025081711,Cierre Wood,-
1136,Patrick DiMarco,0.9975201,0.0024799246,Patrick DiMarco,-
1137,Alfonso Smith,0.9975201,0.0024799246,Alfonso Smith,-
1138,Ryan Hewitt,0.9975201,0.0024799246,Ryan Hewitt,-
1139,Jamize Olawale,0.9975201,0.0024799246,Jamize Olawale,-
1140,Austin Johnson,0.9975201,0.0024799246,Austin Johnson,-
1141,Mack Brown,0.9975201,0.0024799246,Mack Brown,-
1142,Jeremy Stewart,0.9975201,0.0024799246,Jeremy Stewart,-
1143,Andre Holmes,0.99753654,0.002463464,Andre Holmes,-
1144,Rodney Smith,0.99753964,0.0024603899,Rodney Smith,216
1145,Rodney Smith,0.99753964,0.0024603899,Rodney Smith,-
1146,Rodney Smith,0.99753964,0.0024603899,Rodney Smith,216
1147,Rodney Smith,0.99753964,0.0024603899,Rodney Smith,-
1148,Rodney Smith,0.9983948,0.0016052085,Rodney Smith,216
1149,Rodney Smith,0.9983948,0.0016052085,Rodney Smith,-
1150,Rodney Smith,0.9983948,0.0016052085,Rodney Smith,216
1151,Rodney Smith,0.9983948,0.0016052085,Rodney Smith,-
1152,Austin Walter,0.9976319,0.0023680956,Austin Walter,-
1153,Tony Jones,0.99764,0.0023599863,Tony Jones,216
1154,Mike Boone,0.9976705,0.0023295449,Mike Boone,216
1155,Keith Kirkwood,0.9976979,0.0023020916,Keith Kirkwood,618
1156,Scott Miller,0.9977069,0.0022931274,Scott Miller,215.9
1157,Trey Watts,0.99770963,0.0022903779,Trey Watts,-
1158,Jared Abbrederis,0.997713,0.002286974,Jared Abbrederis,-
1159,Kellen Davis,0.997713,0.002286974,Kellen Davis,-
1160,Denarius Moore,0.997713,0.002286974,Denarius Moore,-
1161,Devin Street,0.997713,0.002286974,Devin Street,-
1162,Walter Powell,0.99772996,0.0022700452,Walter Powell,-
1163,Dante Rosario,0.9977388,0.002261213,Dante Rosario,-
1164,Marcus Easley,0.99777305,0.0022269778,Marcus Easley,-
1165,Marvin Hall,0.99777627,0.0022237445,Marvin Hall,216
1166,Kylin Hill,0.99777997,0.0022200593,Kylin Hill,216
1167,Trenton Cannon,0.99777997,0.0022200593,Trenton Cannon,216
1168,Dwayne Washington,0.99777997,0.0022200593,Dwayne Washington,215.9
1169,Jake Funk,0.99777997,0.0022200593,Jake Funk,215.9
1170,Christian Blake,0.99778146,0.0022185186,Christian Blake,216
1171,Luke Stocker,0.99779916,0.0022008345,Luke Stocker,1014
1172,Rod Streater,0.9978242,0.002175817,Rod Streater,-
1173,Jeff Cumberland,0.9978242,0.002175817,Jeff Cumberland,-
1174,Chris Matthews,0.9978242,0.002175817,Chris Matthews,-
1175,Ben Edwards,0.99782884,0.0021711302,Ben Edwards,-
1176,Stephen Carlson,0.99782884,0.0021711302,Stephen Carlson,582
1177,Isaiah Zuber,0.99782884,0.0021711302,Isaiah Zuber,216
1178,Ishmael Hyman,0.99782884,0.0021711302,Ishmael Hyman,739
1179,Scott Simonson,0.99782884,0.0021711302,Scott Simonson,-
1180,Jawill Davis,0.99782884,0.0021711302,Jawill Davis,-
1181,Nick Keizer,0.99782884,0.0021711302,Nick Keizer,548
1182,Deontay Burnett,0.99782884,0.0021711302,Deontay Burnett,585
1183,Steven Mitchell,0.99782884,0.0021711302,Steven Mitchell,536
1184,Derrick Willies,0.99782884,0.0021711302,Derrick Willies,742
1185,Isaiah Burse,0.99782884,0.0021711302,Isaiah Burse,-
1186,Darvin Kidsy,0.99782884,0.0021711302,Darvin Kidsy,728
1187,Darrius Shepherd,0.99782884,0.0021711302,Darrius Shepherd,215.9
1188,David Grinnage,0.99782884,0.0021711302,David Grinnage,-
1189,Spencer Schnell,0.99782884,0.0021711302,Spencer Schnell,-
1190,Andre Patton,0.99782884,0.0021711302,Andre Patton,876
1191,Darius Powe,0.99782884,0.0021711302,Darius Powe,-
1192,Ed Eagan,0.99782884,0.0021711302,Ed Eagan,-
1193,Bobo Wilson,0.99782884,0.0021711302,Bobo Wilson,-
1194,Gator Hoskins,0.99782884,0.0021711302,Gator Hoskins,-
1195,Gehrig Dieter,0.99782884,0.0021711302,Gehrig Dieter,626
1196,Bryce Treggs,0.99782884,0.0021711302,Bryce Treggs,-
1197,Janarion Grant,0.99782884,0.0021711302,Janarion Grant,-
1198,Chris Harper,0.99782884,0.0021711302,Chris Harper,-
1199,Bernard Reedy,0.99782884,0.0021711302,Bernard Reedy,-
1200,Da'Mari Scott,0.99782884,0.0021711302,Da'Mari Scott,953
1201,Nic Jacobs,0.99782884,0.0021711302,Nic Jacobs,-
1202,Jonathan Krause,0.99782884,0.0021711302,Jonathan Krause,-
1203,Rashawn Scott,0.99782884,0.0021711302,Rashawn Scott,-
1204,Marken Michel,0.99782884,0.0021711302,Marken Michel,215.7
1205,Michael Clark,0.99782884,0.0021711302,Michael Clark,-
1206,Ventell Bryant,0.99782884,0.0021711302,Ventell Bryant,766
1207,Max McCaffrey,0.99782884,0.0021711302,Max McCaffrey,-
1208,Quan Bray,0.99782884,0.0021711302,Quan Bray,-
1209,Kasen Williams,0.99782884,0.0021711302,Kasen Williams,-
1210,Reggie Begelton,0.99782884,0.0021711302,Reggie Begelton,761
1211,Keelan Doss,0.99782884,0.0021711302,Keelan Doss,729
1212,Michael Walker,0.99782884,0.0021711302,Michael Walker,-
1213,Je'Ron Hamm,0.99782884,0.0021711302,Je'Ron Hamm,-
1214,Keon Hatcher,0.99782884,0.0021711302,Keon Hatcher,-
1215,Tony Brown,0.99782884,0.0021711302,Tony Brown,785
1216,Jeff Badet,0.99782884,0.0021711302,Jeff Badet,680
1217,Kevin Smith,0.99782884,0.0021711302,Kevin Smith,-
1218,Larry Pinkard,0.99782884,0.0021711302,Larry Pinkard,-
1219,Khari Lee,0.99782884,0.0021711302,Khari Lee,801
1220,Riley McCarron,0.99782884,0.0021711302,Riley McCarron,-
1221,K.J. Brent,0.99782884,0.0021711302,K.J. Brent,-
1222,DeAndrew White,0.99782884,0.0021711302,DeAndrew White,733
1223,Cole Wick,0.99782884,0.0021711302,Cole Wick,-
1224,Cole Hikutini,0.99782884,0.0021711302,Cole Hikutini,832
1225,Hale Hentges,0.99782884,0.0021711302,Hale Hentges,880
1226,Tevin Jones,0.99782884,0.0021711302,Tevin Jones,734
1227,Tim White,0.99782884,0.0021711302,Tim White,-
1228,Jordan Leslie,0.99782884,0.0021711302,Jordan Leslie,-
1229,Victor Bolden,0.99782884,0.0021711302,Victor Bolden,-
1230,Ben Braunecker,0.99782884,0.0021711302,Ben Braunecker,849
1231,Brian Parker,0.99782884,0.0021711302,Brian Parker,-
1232,Lee Smith,0.9978361,0.0021638863,Lee Smith,477
1233,Hunter Bryant,0.9978363,0.0021636938,Hunter Bryant,574
1234,Henry Krieger-Coble,0.99785334,0.0021466713,Henry Krieger-Coble,-
1235,Evan Baylis,0.99785334,0.0021466713,Evan Baylis,216
1236,Emanuel Byrd,0.99785334,0.0021466713,Emanuel Byrd,-
1237,Asante Cleveland,0.99785334,0.0021466713,Asante Cleveland,-
1238,Fred Brown,0.99785334,0.0021466713,Fred Brown,732
1239,Quadree Henderson,0.99785334,0.0021466713,Quadree Henderson,-
1240,Braedon Bowman,0.99785334,0.0021466713,Braedon Bowman,-
1241,Hakeem Valles,0.99785334,0.0021466713,Hakeem Valles,-
1242,Nate Becker,0.99785334,0.0021466713,Nate Becker,808
1243,Charles Jones,0.99785334,0.0021466713,Charles Jones,888
1244,J.J. Jones,0.99785334,0.0021466713,J.J. Jones,-
1245,Chris Lacy,0.99785334,0.0021466713,Chris Lacy,882
1246,Isaac Whitney,0.99785334,0.0021466713,Isaac Whitney,774
1247,Alex Ellis,0.99785334,0.0021466713,Alex Ellis,737
1248,Chad Beebe,0.99785334,0.0021466713,Chad Beebe,216
1249,Sean Culkin,0.99785334,0.0021466713,Sean Culkin,726
1250,Austin Mack,0.99785334,0.0021466713,Austin Mack,511
1251,Marcus Baugh,0.99785334,0.0021466713,Marcus Baugh,648
1252,Matt Flanagan,0.99785334,0.0021466713,Matt Flanagan,-
1253,Ryan Malleck,0.99785334,0.0021466713,Ryan Malleck,-
1254,Matt Sokol,0.99785334,0.0021466713,Matt Sokol,215.9
1255,Chase Ford,0.99786556,0.0021344593,Chase Ford,-
1256,Mike Strachan,0.99791056,0.0020894452,Mike Strachan,216
1257,Damaris Johnson,0.99793994,0.0020600744,Damaris Johnson,-
1258,Marquis Bundy,0.99794436,0.0020556364,Marquis Bundy,-
1259,Cam Phillips,0.99794436,0.0020556364,Cam Phillips,-
1260,Lance Lenoir,0.99794436,0.0020556364,Lance Lenoir,735
1261,Trent Sherfield,0.9979457,0.0020542645,Trent Sherfield,215.6
1262,Ross Dwelley,0.9979457,0.0020542645,Ross Dwelley,216
1263,Jeff Smith,0.9979457,0.0020542645,Jeff Smith,216
1264,Rodney Adams,0.9979731,0.0020269195,Rodney Adams,216
1265,Simi Fehoko,0.9979731,0.0020269195,Simi Fehoko,216
1266,Temarrick Hemingway,0.9979731,0.0020269195,Temarrick Hemingway,215.8
1267,Daurice Fountain,0.9979731,0.0020269195,Daurice Fountain,215.9
1268,JuWann Winfree,0.9979731,0.0020269195,JuWann Winfree,216
1269,Jalen Camp,0.9979731,0.0020269195,Jalen Camp,-
1270,Tyler Davis,0.9979731,0.0020269195,Tyler Davis,663
1271,Marquez Stevenson,0.9979731,0.0020269195,Marquez Stevenson,239.9
1272,Frank Darby,0.9979731,0.0020269195,Frank Darby,216
1273,Isaiah Coulter,0.99798,0.0020199758,Isaiah Coulter,216
1274,Alan Cross,0.99798054,0.0020194887,Alan Cross,-
1275,Charlie Woerner,0.9979959,0.0020040818,Charlie Woerner,570
1276,Racey McMath,0.99800277,0.0019972164,Racey McMath,216
1277,Shane Wynn,0.99801743,0.0019825452,Shane Wynn,-
1278,Tanner Gentry,0.99801743,0.0019825452,Tanner Gentry,791
1279,Seantavius Jones,0.99801743,0.0019825452,Seantavius Jones,-
1280,Andrew Hawkins,0.998032,0.0019680518,Andrew Hawkins,-
1281,Jaron Brown,0.998032,0.0019680518,Jaron Brown,216
1282,Jaelon Darden,0.99803305,0.0019669703,Jaelon Darden,216
1283,Kevin Dorsey,0.99803674,0.0019632287,Kevin Dorsey,-
1284,Willie Snead,0.9980475,0.0019525412,Willie Snead,216
1285,John Ursua,0.9980513,0.0019486916,John Ursua,216
1286,Mickey Shuler,0.9980589,0.0019411073,Mickey Shuler,-
1287,Chris Gragg,0.9980589,0.0019411073,Chris Gragg,-
1288,John FitzPatrick,0.9980812,0.0019187863,John FitzPatrick,-
1289,Kenjon Barner,0.9980878,0.0019121816,Kenjon Barner,-
1290,Krishawn Hogan,0.99815595,0.0018440507,Krishawn Hogan,752
1291,Tylan Wallace,0.99817044,0.001829562,Tylan Wallace,215.7
1292,Jacques Patrick,0.99818474,0.0018152879,Jacques Patrick,-
1293,JaQuan Hardy,0.99818474,0.0018152879,JaQuan Hardy,-
1294,Ryan Nall,0.99818474,0.0018152879,Ryan Nall,-
1295,Trey Ragas,0.99818474,0.0018152879,Trey Ragas,216
1296,Tavien Feaster,0.99818474,0.0018152879,Tavien Feaster,-
1297,Scottie Phillips,0.99818474,0.0018152879,Scottie Phillips,216
1298,Mekhi Sargent,0.99818474,0.0018152879,Mekhi Sargent,-
1299,Jonathan Ward,0.99818474,0.0018152879,Jonathan Ward,216
1300,Khari Blasingame,0.99818474,0.0018152879,Khari Blasingame,216
1301,Artavis Pierce,0.99818474,0.0018152879,Artavis Pierce,-
1302,Darius Bradwell,0.99818474,0.0018152879,Darius Bradwell,-
1303,Devine Ozigbo,0.99818474,0.0018152879,Devine Ozigbo,216
1304,Buddy Howell,0.99818474,0.0018152879,Buddy Howell,216
1305,Deon Jackson,0.99819094,0.001809068,Deon Jackson,-
1306,Nathan Cottrell,0.9982052,0.0017948304,Nathan Cottrell,-
1307,Reggie Bonnafon,0.9982052,0.0017948304,Reggie Bonnafon,216
1308,Trey Edmunds,0.9982813,0.0017186905,Trey Edmunds,-
1309,Spencer Brown,0.9982872,0.0017128012,Spencer Brown,-
1310,Hunter Kampmoyer,0.9983212,0.0016788449,Hunter Kampmoyer,-
1311,Brandon Bostick,0.9983948,0.0016052085,Brandon Bostick,-
1312,Zach Sudfeld,0.9983948,0.0016052085,Zach Sudfeld,-
1313,Gerell Robinson,0.9983948,0.0016052085,Gerell Robinson,-
1314,Jeff Maehl,0.9983948,0.0016052085,Jeff Maehl,-
1315,Sean McGrath,0.9983948,0.0016052085,Sean McGrath,-
1316,Frankie Hammond,0.9983948,0.0016052085,Frankie Hammond,-
1317,Matthew Mulligan,0.9983948,0.0016052085,Matthew Mulligan,-
1318,Seyi Ajirotutu,0.9983948,0.0016052085,Seyi Ajirotutu,-
1319,Johnny Holton,0.9983948,0.0016052085,Johnny Holton,835
1320,Rashad Ross,0.9983948,0.0016052085,Rashad Ross,-
1321,Rico Richardson,0.9983948,0.0016052085,Rico Richardson,-
1322,Jerome Cunningham,0.9983948,0.0016052085,Jerome Cunningham,-
1323,Tony Washington,0.9983948,0.0016052085,Tony Washington,-
1324,Saalim Hakim,0.9983948,0.0016052085,Saalim Hakim,-
1325,Brittan Golden,0.9983948,0.0016052085,Brittan Golden,-
1326,E.J. Bibbs,0.9983948,0.0016052085,E.J. Bibbs,-
1327,Mike Brown,0.9983948,0.0016052085,Mike Brown,-
1328,Griff Whalen,0.9983948,0.0016052085,Griff Whalen,-
1329,Phillip Supernaw,0.9983948,0.0016052085,Phillip Supernaw,-
1330,D.J. Tialavea,0.9984129,0.0015871148,D.J. Tialavea,-
1331,Matt Lengel,0.9984129,0.0015871148,Matt Lengel,780
1332,Logan Paulsen,0.9984129,0.0015871148,Logan Paulsen,-
1333,Marcel Jensen,0.9984129,0.0015871148,Marcel Jensen,-
1334,Nick Williams,0.9984129,0.0015871148,Nick Williams,-
1335,Ifeanyi Momah,0.9984129,0.0015871148,Ifeanyi Momah,-
1336,Brandon Williams,0.9984129,0.0015871148,Brandon Williams,-
1337,Gabe Holmes,0.9984129,0.0015871148,Gabe Holmes,-
1338,Jeremy Ross,0.9984129,0.0015871148,Jeremy Ross,-
1339,David Nelson,0.9984129,0.0015871148,David Nelson,-
1340,Daniel Brown,0.9984254,0.0015746017,Daniel Brown,1106
1341,Brandon Powell,0.9984254,0.0015746017,Brandon Powell,427
1342,Cameron Batson,0.9984254,0.0015746017,Cameron Batson,423
1343,Jarrett Boykin,0.9984802,0.0015197732,Jarrett Boykin,-
1344,Antony Auclair,0.9984845,0.0015154848,Antony Auclair,656
1345,Jody Fortson,0.9985016,0.0014984009,Jody Fortson,-
1346,Isaiah Hodgins,0.9985177,0.0014823314,Isaiah Hodgins,216
1347,Solomon Patton,0.9985343,0.0014657073,Solomon Patton,-
1348,Vyncint Smith,0.99853545,0.0014645632,Vyncint Smith,619
1349,Jeff Janis,0.99855936,0.0014406664,Jeff Janis,-
1350,Jake Kumerow,0.9985622,0.0014377567,Jake Kumerow,216
1351,K.J. Hill,0.9985793,0.0014206716,K.J. Hill,216
1352,Dezmon Patmon,0.9985793,0.0014206716,Dezmon Patmon,686
1353,Mike Thomas,0.9985793,0.0014206716,Mike Thomas,-
1354,Kawaan Baker,0.9985793,0.0014206716,Kawaan Baker,-
1355,Dazz Newsome,0.9985842,0.0014158019,Dazz Newsome,216
1356,Kevin Ogletree,0.9986123,0.0013876865,Kevin Ogletree,-
1357,Eric Weems,0.9986367,0.0013632684,Eric Weems,-
1358,Seth Williams,0.99865955,0.001340434,Seth Williams,215.9
1359,Aaron Parker,0.99869823,0.0013017482,Aaron Parker,216
1360,Lawrence Cager,0.99883854,0.0011614785,Lawrence Cager,1070
1361,Nsimba Webster,0.99883854,0.0011614785,Nsimba Webster,995
1362,Trenton Irwin,0.99883854,0.0011614785,Trenton Irwin,215.9
1363,Kirk Merritt,0.99883854,0.0011614785,Kirk Merritt,889
1364,Johnny Mundt,0.99883854,0.0011614785,Johnny Mundt,216
1365,Brandon Dillon,0.99883854,0.0011614785,Brandon Dillon,635
1366,Malik Taylor,0.99883854,0.0011614785,Malik Taylor,216
1367,Jared Pinkney,0.99883854,0.0011614785,Jared Pinkney,928
1368,J.P. Holtz,0.99883854,0.0011614785,J.P. Holtz,660
1369,Ben Ellefson,0.99883854,0.0011614785,Ben Ellefson,216
1370,Ethan Wolf,0.99883854,0.0011614785,Ethan Wolf,216
1371,DeMichael Harris,0.99883854,0.0011614785,DeMichael Harris,478
1372,Aaron Fuller,0.99883854,0.0011614785,Aaron Fuller,215.9
1373,Mitchell Wilcox,0.99883854,0.0011614785,Mitchell Wilcox,842
1374,Nick Bowers,0.99883854,0.0011614785,Nick Bowers,216
1375,Alex Bachman,0.99883854,0.0011614785,Alex Bachman,919
1376,Noah Togiai,0.99883854,0.0011614785,Noah Togiai,-
1377,Deon Yelder,0.99883854,0.0011614785,Deon Yelder,553
1378,Ja'Marcus Bradley,0.99883854,0.0011614785,Ja'Marcus Bradley,-
1379,C.J. Board,0.99883854,0.0011614785,C.J. Board,488
1380,Tanner Hudson,0.99883854,0.0011614785,Tanner Hudson,565
1381,Stanley Morgan,0.99883854,0.0011614785,Stanley Morgan,696
1382,David Wells,0.99883854,0.0011614785,David Wells,-
1383,Cody Thompson,0.99883854,0.0011614785,Cody Thompson,216
1384,Tony Poljan,0.99883854,0.0011614785,Tony Poljan,985
1385,Diontae Spencer,0.99883854,0.0011614785,Diontae Spencer,515
1386,Dillon Stoner,0.99883854,0.0011614785,Dillon Stoner,-
1387,David Sills,0.99883854,0.0011614785,David Sills,216
1388,Davion Davis,0.99883854,0.0011614785,Davion Davis,-
1389,Jaydon Mickens,0.99883854,0.0011614785,Jaydon Mickens,547
1390,Garrett Griffin,0.99883854,0.0011614785,Garrett Griffin,216
1391,Darrell Daniels,0.99883854,0.0011614785,Darrell Daniels,216
1392,Tommylee Lewis,0.99883854,0.0011614785,Tommylee Lewis,215.9
1393,Tarik Black,0.99883854,0.0011614785,Tarik Black,216
1394,Codey McElroy,0.99883854,0.0011614785,Codey McElroy,740
1395,JoJo Natson,0.99883854,0.0011614785,JoJo Natson,653
1396,Kevin Rader,0.99883854,0.0011614785,Kevin Rader,215.8
1397,Jordan Veasy,0.99883854,0.0011614785,Jordan Veasy,668
1398,Matt Bushman,0.99883854,0.0011614785,Matt Bushman,216
1399,River Cracraft,0.99883854,0.0011614785,River Cracraft,554
1400,Kenny Yeboah,0.9988425,0.0011574962,Kenny Yeboah,-
1401,Chris Myarick,0.9988516,0.0011483808,Chris Myarick,792
1402,Andrew Beck,0.9988516,0.0011483808,Andrew Beck,692
1403,Jordan Franks,0.9988516,0.0011483808,Jordan Franks,765
1404,Daniel Helm,0.9988516,0.0011483808,Daniel Helm,885
1405,Cody Hollister,0.9988516,0.0011483808,Cody Hollister,620
1406,Cethan Carter,0.9988516,0.0011483808,Cethan Carter,544
1407,Colin Thompson,0.9988516,0.0011483808,Colin Thompson,551
1408,Dominique Dafney,0.9988516,0.0011483808,Dominique Dafney,-
1409,Ian Bunting,0.9988516,0.0011483808,Ian Bunting,-
1410,Matt LaCosse,0.9988516,0.0011483808,Matt LaCosse,714
1411,Reggie Gilliam,0.9988516,0.0011483808,Reggie Gilliam,216
1412,Jack Stoll,0.9988516,0.0011483808,Jack Stoll,-
1413,Kendall Blanton,0.9988516,0.0011483808,Kendall Blanton,215.5
1414,Miller Forristall,0.9988516,0.0011483808,Miller Forristall,-
1415,Eric Tomlinson,0.9988516,0.0011483808,Eric Tomlinson,695
1416,Marcus Kemp,0.99890035,0.0010996342,Marcus Kemp,216
1417,Greg Dortch,0.9989197,0.0010802791,Greg Dortch,804
1418,D.J. Montgomery,0.9989395,0.0010604989,D.J. Montgomery,216
